id,review,label
1,"Menara Pandang Teratai berlokasi di banyumas purwokerto, akses jalan menuju lokasi vew nya bagus, parkir sangat luas cocok untuk rombongan bis ataupun mobil keluarga, tiket weekend 25 ribu, ada 5 lantai, lantai 1 ada patung2, lantai 2 coffee shop, lantai 3 lantai kaca, lantai 4 spot foto instagramable, lantai 5 top roof, ada guide di setiap lantainya jadi safety, kami berkunjung saat hujan deras jadi menunggu reda untuk bisa naik. Sangat disayangkan fasilitas toilet kotor ada bekas gelas kopi karyawan pada tumpah, tidak ada mushola khusus, hanya lantai paling bawah yang difungsikan sebagai mushola dan menurut saya kurang layak disebut mushola. Untuk karyawan yang sedang pada istirahat terlalu cuek, tolong lebih responsif kalau melihat pengunjung yang kesulitan atau kerepotan, kami turun untuk sholat tapi tempat sholat hanya cukup untuk 2-3 orang saja, tidak ada kursi untuk menunggu antri sholat dan duduk dilantaipun tidak memungkinkan karena kotor, padahal posisi saya bawa anak kecil kembar, kondisi di luar hujan deras, namun tidak ada 1 pun dari sekitar 6-8 karyawan yang stay disitu inisiatif meminjamkan kursi sebentar saja. Semoga kedepan ada perbaikan fasilitas dan karyawan lebih ramah dan responsif.",0
2,"Harga tiket masuk (HTM) menara pandang ini mulai 20k untuk weekday. Sedangkan 25k untuk weekend. Ini aku belinya langsung di tempat, tgl 9/06/22.  Untuk tarif parkirnya : *Motor-3k, *mobil-5k, *elf/mikro bus-15k, *Bus-25k. Tarif parkirnya termasuk agak mahal si. Tapi tempat parkirnya di lengkapin sama cctv kok, jadi jangan khawatir.  Di menaranya kalian bisa ngunjungin 5 bagian lantai. Lantai 1 : ada coffe shop, konsepnya kek pameran ada klip komik, lukisan batik, dll. Lantai 2 : office, tidak dibuka untuk umum Lantai 3 : Lantai kaca (yang viral itu) Lantai 4 : Bedanya dgn lantai 3, lantai 3 itu indoor-ber Ac. Sedangkan lantai 4 itu outdoor langsung kena angin alami. Lantai 5 : lantai yang paling tinggi, dibawah langsung bentuk teratainya.  Note : Kunjungan ke lantai 5 dibatasin 10 menit, lansia dan anak-anak juga dilarang naik sampai ke lantai 5 (khusus anak"" Ada tinggi badan minimal) , dan lantai 3-4 dibatasin 15 menit kunjungan.  Untuk Toilet , aku gatau di dalem menara ada toiletnya apa engga. Yang aku tau , toilet adanya di tempat parkir.  Untuk keseluruhan pelayanan yang diberikan memuaskan, dan staffnya informatif. Tempatnya juga bersih.  Sayang harganya agak mahal, bahkan lebih mahal dari MONAS. Mungkin buat biaya perawatan juga si. Masih worth it kok.  Saran kalo mau main ke menara teratai, mending pas weekday. Karena pengunjungnya ga terlalu rame, jadi puas buat foto"".",1
3,"Menara Pandang Teratai Purwokerto, menara yang belum lama resmi di buka untuk umum yakni tanggal 27 April 2022 berbarengan dengan diresmikannya jalan Bung Karno yang merupakan lokasi dari menara pandang teratai Purwokerto dan juga merupakan jalan baru yang menghubungkan Jalan Jenderal Soedirman dan Jalan Gerilya Purwokerto. Memiliki tinggi sekitar 117 meter, menara ini memiliki 4 lantai dengan fasilitas lift untuk mengakses lantai demi lantai menara ini dan dari menara ini kita bisa melihat seluruh kota Purwokerto dan tak ketinggalan pemandangan gunung tertinggi di Jawa Tengah yakni gunung Slamet. Namun, boleh dibilang kondisi menara sekarang belum 100% rampung digarap dibuktikan dengan beberapa kali menara ini mengalami penutupan sementara karena adanya penambahan fasilitas. Baru-baru ini harga tiket juga dikeluhkan oleh pengunjung  karena naik jadi 20 ribu untuk weekday dan 25 ribu di weekend. Semoga lekas rampung pengembangan dari Menara Pandang Teratai Purwokerto ini dan bisa menjadi landmark terkenal di Purwokerto dan sekitarnya dan nggak kalah terkenal dengan menara pandang lain di Indonesia seperti Menara Pandang Tele di Danau Toba dan Menara Pandang Siring Sungai Martapura, Banjarmasin.",1
4,"Merupakan salah satu tempat wisata di kota purwokerto. Di tempat ini kita bisa menikmati pemandangan kota purwokerto dari ketinggian menara ini. Menara ini terdiri 5 lantai. Lantai 1 terdapat loket, resto, mini perpus, serta berbagai lukisan yang dipajang. Lantai 2 terdapat coffeshop yang buka mulai pukul 16.00. Lantai 3 terdapat jembatan kaca, lantai 4 &amp; 5 merupakan tempat untuk melihat pemandangan. Harga tiket dijual seharga 20rb weekday &amp; 25rb weekend. Tempatnya juga bersih, ber AC, dan nyaman untuk dikunjungi. Pengelolaan juga baik. Wisatawan juga dilayani petugas dengan baik dan ramah sekali.",1
5,"""Gitu doang""..  Kecewa ternyata gak ada apa2nya disana, lantai 4 cuma buat liat pemandangan, sayang gak disediain teropong buat bantu ngeliat pemandangan purwokerto.  Lantai 3 cuma ada lantai kaca yg sebenernya cuma kecil banget tempatnya, dan posisinya jg gak bagus2 banget buat foto. Udah itu aja sisanya kosong  Lantai 2 cuma ada 1 coffee shop, udah cuma 1 itu aja, gak ada apa2 lagi.  Lantai 1 cuma ada patung, sebelahnya jualan lukisan dan ada cafe.  Mungkin karena masih baru jadi masih belum sempurna, tapi daripada buru2 dibuka mending fokus ke kualitas dan kenyamanan pengunjung.  Menurut saya untuk harga yg dibayar untuk naik ke atas kurang worth, malah lebih puas diluar liat menaranya yg warna warni, semoga bisa jadi masukan biar diperbaikin lagi.",-1
6,"Salah satu tujuan wisata terbaru di purwokerto. Menara pandang teratai..!! Ada 4 lantai dengan naik lift. Lantai paling atas utk pemandangan yg lebih luas, hanya saja perlu berjalan kaki naik tangga. Lantai 3 pandangan luas, hanya saja sedikit terhalang pandangan kita oleh jaring besi. Beda dengan lantai 4 yang kaca. Di lantai 3 ada jembatan kaca utk kalian yg bernyali besar. Lantai 2 kita bisa ngopi santai setelah lelah explore menara.. Harga tiket masuk 20rb hari kerja, 25rb weekend. Kalau malam hari ada lampuÂ²nya..",0
7,"Salah satu tempat rekreasi terbaru di purwokerto nihhhh, lagi viral banget gesssss, meskipun masih dalam proses pengembangan tapiii udah ramai dikunjungi warga pwt nihhhhh. Untuk biaya parkir motor 3ribu rupiah, kalo mau masuk ke menaranya bayar lagi 15ribu/orang. Cukup rekomended untuk kumpul keluargaaaa, ada food center juga mirip kaya di kuliner pratista yaitu namanya madhang maning park, disana kita bisa milih ada beberapa stand makanan, kadang ada live musik jugaaaa. Mantap banget sekarang pwt mahhh!",1
8,"MENARA PANDANG TERATAI PURWOKERTO (Monasnya Purwokerto Ehem..) Tiket naik ke atas 20.000/ orang Ada lift untuk naik keatas.  Ada lantai kaca diatas dengan ketebalan 8 cm, sehingga insyaa allah aman dan bisa berjalan dilantai kacanya sambil melihat kebawah, bisa untuk terapi penyakit vertigo.  Bisa melihat indahnya pemandangan kota Purwokerto dan sekitarnya.",1
9,"sebenernya ada jembatan yang bagus banget sayangnya karna satu arah aku gatau dan ga sempet dokumentasi. Disini ada sewa otopet jalurnya khusus ga bareng sama kendaraan, lebar jalannya. nyaman. Tiket masuk/naik ke menara 20rb selain weekend, kalo weekend 25rb. Kemaren pesen online tiket karna takut kehabisan. Makanan disekitar sini ada di cafe /food court, harganya standar di tempat wisata. Dan antri jadi harus sabar. Menara Teratai tutup jam 22.00. Ga saranin ke lantai kaca si ğŸ˜… B aja",1
10,Bagus tempatnya bersih parkir luas. Hari biasa htm 20 rb hari libur 25 ribu. Masuk lt. 1 untuk naik lift ke lt 4.utk ke lantai paling atas naik tangga manual. Di lt 3 ada jembatan kaca.,1
11,"Menara Pandang Teratai Purwokerto, dengan view landmark kota Purwokerto dan sekitarnya di proyeksikan bakal launching sebelum lebaran 2022 besok.  Menara dengan ketinggian 114 meter ini terletak di ruas Jalan Soekarno (menghubungkan Jl Jend. Soedirman - Jl. Gerilya) memiliki 6 lantai yang dapat diakses dengan 2 buah lift dengan puncak menara membentuk bunga teratai dan merupakan ruang lepas pandang yang bisa melihat ke semua arah mata angin.  Jadi gimana? Udah ga sabar pingin ke menara ini?",1
12,"Berkunjung di hari Senin tanggal 16 Mei 2022 sore, menara ditutup untuk umum. Penutupan dalam rangka perbaikan agar pengunjung dapat lebih nyaman lagi.  Meski ditutup, antusias pengunjung terlihat dari terus berdatangannya pengunjung. Alhasil, sore itu cukup puas dengan mengambil beberapa gambar saja.",1
13,"Kalau wakt visit menjelang sunset hingga malam hari mungkin lebih menarik. Saya ke sana sekitar jam 1 siang di hari Minggu, pengunjung sepi. Hanya belasan saja.",0
14,"Cukup mengasyikkan, harga tiketnya, 15.000,- / orang. Pembelian lewat Aplikasi Dolan Banyumas, bisa di Download lewat play store....ya sedulur.... Nanti tinggal daftar dulu, selesaikan pendaftaran...baru bisa beli tiket. Pakai internet banking ya....!! - Ada 4 lantai yang bisa disinggahi. - lantai paling atas ada jempatan kacanya, Panjangnya +- ya...2 meteran lah... Silakan datang dan mencoba nyali disana. Kita bisa liat kota Purwokerto ...ğŸ‘ğŸ‘ğŸ˜ğŸ˜ğŸ˜",1
15,"Tiket weekday 20rb, weekend 25rb. Bisa beli tiket on the spot. Aku beli lewat aplikasi dolan Banyumas. Wisata yg tergolong baru di Purwokerto, lokasi strategis dekat Rita Mall. Bisa melihat view Purwokerto dr atas menara pandang. Tempatnya cukup ramai mungkin krn weekend. Di dalamnya ada spot lantai kaca, spot seni ada lukisan dan patung, ada mini cafe (saat itu menunya belum banyak).  Klo isinya seperti itu kayak ya sekali datang udah ga penasaran lagi. Yuk pengelolanya semangat terus dikembangkan biar semakin menarik. Biar pengunjung pengen balik lagi buat datang.",0
16,Menara pandang. Tempat hiburan baru di purwokerto. Cocok untuk berwisata dan rekreasi dengan saudara dan keluarga. . Tempatnya iconic. Bakal jadi ciri khasnya purwokerto... .. Lokasi strategis. Tempat parkir luas. Sayangnya masih gersang dan panas. Perlu ada penanaman pohon agar lebih segar..,0
17,Menara Teratai (Menara Pandang) Purwokerto merupakan tempat healing terbaru di Purwokerto. Menara ini terdiri dari 4 lantai. Kita bisa mencapai lantai ke-4 dengan naik lift. Dari lantai 4 ini kita bisa melihat pemandangan seluruh kota Purwokerto. Di lantai 3 ada jembatan kaca yang lumayan kecil. Di Lantai 2 ada tempat buat ngopi dan di lantai 1 ada patung2 pahlawan. Tiket masuk Rp20.000 utk hari biasa dan Rp25.000 untuk weekend. Tempat parkirnya jg luas.,1
18,Kawasan wisata yang sedang dibangun Pemkab Purwokerto/Banyumas. Yang suka joging dan sepeda cocok nih. Suasana malam juga terlihat indah dengan permainan lampu hias. Melihat suasana malam melalui puncak menara teratai terlihat semakin indah.,1
19,"Bagus, meski blm selesai sepenuhnya, tapi sdh bagus. Naik ke menara pandang yg terdiri dari 4 lantai cukup membayar 25rb per orang. Di lantai 3 ada lantai kaca yg bisa di pakai uji nyali, karena dari ketinggian itu, kita dapat melihat ke bawah",1
20,Menara Pandang Teratai yang berada di jalan Bung Karno Purwokerto merupakan menara dengan berbentuk bunga  teratai di bagian atas menara. Dengan naik menggunakan lift ini kita bisa menuju lantai 4 menara untuk menikmati suasana kota Purwokerto. Harga tiket menara ini untuk Weekday Rp. 20.000 dan Weekend Rp. 25.000. Sayangnya Menara Teratai ini belum dilengkapi mushola untuk pengunjung.,0
21,Tempat rekreasi baru tergolong masih murah Untuk parkir luas dan kemaren sempet coba skuter di sekitar menara pandang Asik juga buat anak anak muda nongkrong Bayar skuternya 20rb 20 menit lumayan murah kita bisa foto foto dan nikmatin jalan sambil pake skuter tenang nanti di ajarin sama mas mas nya,1
22,Untuk lantai 4 kalau untuk anak2 masih di rasa kurang aman karna pagar pembatas masih bisa dimasuki anak2 dan langsung ke pagar jaring...kalo bisa kedepan ada pembenahan yaitu di pagar di kasih kaca transparant ...biar anak2 tidak masuk kesana ...kver aal bagus semua,0
23,"Nih tempat baru di Purwokerto Menara Pandang Teratai namanya karena towernya seperti bunga teratai ada kelopak seperti bunga di puncak tower. Harga tiket masuk kesini : Weekday 20K dan Weekend 25K. Kalian bs liat view Purwokerto dari ketinggian. Di lobby ada patung Soekarno juga, karena ini berada di Jl Soekarno, lantai 3 bs berjalan di lantai transparan kebawah dan lantai paling atas utk menikmati view kota purwokerto",1
24,"Menara pandang merupakab icon di kota purwokerto. menara ini memiliki lift untuk naik ke puncak menara. dari puncak, kita bisa melihat kota purwokerto 360 derajat. konsepnya sama dengan N Tower yang ada di korea selatan. di korea N tower di kunjungi ribuan orang per harinya. untuk naik keatas harus antri",1
25,"Yang lagi hapening banget di purwokerto.. siapa sih yang ga pengin liat pemadangan purwokerto dari ketinggian apa lagi tempat ditengah kota ga perlu naik lagi ke bukit bintang baturaden.. tempat parkir cukup luas biaya parkir 5rebu untuk mobil ( motor maaf kurang tau kmrn ga tanya juru parkir ) untuk dari parkiran ke tempat jalan kaki kurleb 100meteran.. pelayanan bagus keren, ada jembatan kaca, menara teratai, cafe kopi. Untuk naik sampai menara kita naik lift ditemani petugas yg berjaga.",1
26,"Salah satu destinasi yang terbaru di Purwokerto adalah Menara Pandang Teratai. Kalau Jakarta punya Monas,Jogja punya Tugu Jogja,di Purwokerto punya Menara Pandang Teratai lho gaes... Dan tempat wisata ini ada di pusat kota Purwokerto lho gak jauh dari alun alun kota Purwokerto. Kita bisa naek ke lantai 5 ( lantai tertinggi di menara tersebut). Tapi usia minimal 18th yaa gaes,,tapi untuk anak2 bisa juga naek hanya sampai kelantai 4 saja. Dilantai 1 kita bisa melihat lukisan kartun yang mengambarkan cerita mengenai Babad Banyumas. Fasilitas mushola ada di seberang jalan,toilet ada didekat area parkir. Karena ini masih baru,jadi masih banyak pembenahan. Oiya untuk tiket naek keatas sampai lantai 5,wajib membayar dengan harga 20rb (saat hari biasa) dan 25rb saat hari libur dan weekend. Tersedia juga restaurant dan bebrapa pedagang kaki lima yang menjajakan jajananya disekitar tempat wisata.",1
27,"Menara Pandang Teratai, lokasinya dekat dengan RITA Supermall di pusat kota Purwokerto. Menaranya baru diresmikan, tiket masuknya Rp 15.000 per orang. Kita bisa naik ke puncak menara, kemudian melihat pemandangan kota Purwokerto dari atas.",1
28,"Amazing sekali dengan hanya 25rb perorang.anak dibawah 12 th hanya 12.500 bisa menikmati suasana purwokerto dari ketinggian luar biasa..pelayanan ramah kita naik lift dipandu petugas khusus dan bisa setiap lantai kita datangi.seru juga bisa lewat jembatan kaca dr atas ketinggian yg cocok untuk uji adrenalin kita.anak2 suka.bisa sklian k cafe juga dilantai 2,enak2 menunya harga juga standar.puas dan recomend",1
29,"Sebetulnya tempatnya bagus, cuma mungkin koleksi museumnya bisa diperbanyak, sepertinya memang belum 100% jadi, tapi udah oke kok untuk dikunjungi.",0
30,Malam bukan weekend saja rame... Parkir mobil 5rb Ga bisa naik ke menara karena lift sedang perbaikan,0
31,"Izin memberi ulasan sesuai pengalaman berkunjung.  pokoknya good looking, good spot, good object, good day, good evening, good morning, good everyting.  Parkir luas. banyak petugas, kalau siang jadi pemandangan bagus dan menarik, kalau malam jadi spot foto dan rekreasi khusus yang sangat indah. lampunya warna warni. semakin good Purwokerto.  Terimakasih semoga ulasan ini membantu",1
32,"View Menara Pandang Teratai yang ada di Purwokerto, Banyumas, menjulang setinggi 117 meter. Saran nih kalau mau kesini sore hari sampai malam hari, soalnya kalau malam hari full lampu warna warni, luwih keren pokok'e. .",1
33,Setelah vakum akibat pandemi akhirnya bs nonton festival kentongan menyambut HUT RI ke 77 di Menara Pandang tgl 20 Agustus 2022,1
34,"Kurang puas, parkiran mahal, jalur pejalan kaki dari parkiran ke menara kurang memadai, penerangan masih sangat kurang, spot nongkrong &amp; kulineran minim bgt, taman masih belum terbangun kayaknya, tempat sampah sangat jarang ditemui, HTM dengan experience yg didapat gak sepadan deh pokoknya. Semoga ke depannya lebih baik lagi.",-1
35,"Menara pandang ini ada 5 lantai, untuk pengunjung bisa ke lantai 1, ada beragam pajangan foto dan juga patung soekarno, dan juga ada cafe. Di lantai 3 ada lantai kaca. Di lantai 4 itu spot buat foto2 pemandangan kota purwokerto, dan lantai 5 itu rooftop dan ada aturannya kalo mau naik ke rooftop (anak2, wanita hamil, dan lansia dilarang naik). Pemandangan dari atas bagus banget, mungkin kalo malam hari bakal lebih bagus lagi.",1
36,"Bila ingin melihat pemandangan kota Purwokerto dari ketinggian, pada siang atau malam hari, anda bisa mengunjungi menara ini, menara tinggi dengan puncak yang berbentuk bunga teratai, anda bisa melihat pemandangan dari lantai 4, pada lantai 3 terdapat jembatan kaca yang bisa melihat semua yang ada dibawahnya, pada lantai 2 terdapat tempat makan dan minum, pada lantai 1 ada beberapa spot foto",0
37,"Pas kita kesana masih belum bisa cash, daaan akhirnya aku top up minta bantuan temen ke shopee pay akhirnya bisaa masuk juga alhamdulillah, anakku takut ketinggian jadi cuman bentar ajja disanaa, baguss kok keliatan sawah membentang luas dibawahnya hhii, aku kesana pas siang jadi kurang indah hhaa gada lampu warna warni, trus lantai kacanya kurang panjang kak, biar lebih uji nyali gitu hhaa..",0
38,"Maaf, masih dalam proses pembangunan, jadi belum kelihatan bagusnya. Parkiran yang luas, jangan khawatir buat anda yang menggunakan kursi roda, karena ada jalan khusus buat pengguna kursi roda. Cuman belum saya ulas lebih banyak, karena belum masuk/naik ke menara. Karena harus unduh app dolan banyumas, punya app m-banking. Semoga makin bagus dan bermanfaat bagi semuanya. Aamiiin...",0
39,Bagus...bisa liat pemandangan kota purwokerto dark atas...kesini pas lagi soft opening...beli tiketnya lwat online...,1
40,"Masih dalam proses pembangunan dan pengembangan. Sangat berharap nantinya akan jadi ikon kota Purwokerto dan kabupaten Banyumas. Menarik, tapi sampai jam 15.00 tapi ternyata buka sore sekitar jam 15.20 an. Belum paham tentang jam bukanya. Semoga ke depannya semakin bagus, semakin cepat pembangunannya. Untuk pengunjung tolong jaga kebersihan lingkungannya, soalnya tadi di depan menemukan beberapa puntung rokok. Semoga nantinya tempat ini bisa jadi area bebas rokok juga bebas sampah. Tolong pengelola sediakan tempat sampah yang cukup. Terimakasih",1
41,"Objek wisata baru di Purwokerto, bakal jadi andalan warga sini. Karena tempatnya bagus bisa ngeliat Purwokerto dan sekitarnya. Dengan ketinggian 114 meter. Ada jalan kacanya juga tambah seru",1
42,"Baru jadi ya jadi belum selesai semua masih tahap pembangunan,buat yang gak takut ketinggian boleh dicoba,dilantai atas ada lantai kaca pokoknya asyik,di lantai 2 ada kafe coffie",0
43,Tempat wisata yang unik dan banyak wisata sejenis di luar negeri seperti ini...bagus untuk melihat landscape Purwokerto dari ketinggian...akan lebih menarik apabila lebih banyak variasi makanan dan minuman yang dijual sekaligus untuk bersantai...bisa juga ke depan dijual pernak pernik unik untuk oleh2 pengunjung dari luar kota...sukses terus Purwokerto...,1
44,"Wisata baru di purwokerto, menara pandang htm masuk hari biasa 15rb sabtu minggu/libur 20rb dikasih waktu 15mnit per lantai. Total ada 3 lantai . kita bisa melihat pemandangan kota purwokerto dari atas sini.ğŸ‘ğŸ˜",1
45,"Menara pandang teratai merupakan destinasi di kota Purwokerto dengan pemandangan kota Purwokerto dan sekitar. Terdiri dari 5 Lantai dari Lantai kelima kita menikmati pemandangan bebas tanpa batas, dari lantai 4 kita menikmati diberi pembatas, lantai ketiga terdapat lantai kaca, lantai ketiga merupakan cofee shop, area parkir luas, terdapat fasilitas untuk kursi roda",0
46,"Luas tempatnya,krn masih blm sempurna baik waktu berkunjung sore hari atau pagi sekalian,krn kalau siang terlalu panas dan tempat untuk berteduh juga masih kurang memadai.Untuk lari pagi sudah pasti enak krn masih sangat asri ğŸ‘ŒğŸ¼",0
47,Mantaap Purwokerto serasa punya Monas.. pemandangan okee banget diliat dr atas. Cm bakal lebih oke lg klo ada museumnya kali ya,1
48,"Keren, view nya bagus apalagi jelang terbenam matahari. Sayang belum tersedia tmp sholat di area itu. Hanya ada kecil tapi jauh nyebrang jalan",0
49,"Harga tiket masuk lumayan la, weekdays 20k weekend 25k. Di dalem oke sih bagus, sayangggg banget gaada musola disini. Solat di gedung CH yg masih dlm tahap pembangunan dan cuma dialasin tiker sama triplek dan gaada mukenanya juga jd ya harus bawa sendiri",0
50,"Kesini karna diajak liburan sama budhe yg dri Jakarta, suasana malem bagus juga, tp klap siang kyaknya bakalan lebih indah wk. Tiket masuk 20rb per orang dewasa 5 rb per anak kecil Kmrn aku pas ada diskon aowkwkwk",0
51,"Menara dengan pemandangan gunung slamet, seperti ke monas kalau dijakarta, kesini masih dalam pembangunan kalau pembangunannya sudah selesai pasti lebih bagus",1
52,"Barusan banget pas hari Rabu 17 Agustus 2022 kesana pas malam . Ada acara kembang api , sempet ketemu juga sama pak bupati dong ğŸŒ¸ Rame banget sampe cari tempat parkir juga susah . Besok Sabtu malam Minggu ada acara kentongan ya tanggal 20 Agustus di menara pandang teratai star jam 19.30 , jangan lupa untuk menonton ya ğŸŒ¼",1
53,"Bagus,, sekarang tiket bisa langsung beli ditempat jadi buat warga banyumas yang tidak punya aplikasi dolan banyumas masih bisa menikmati masuk menara pandang HTM 15.000/ orang",1
54,Destinasi terbaru di wilayah purwokerto yang sangat menarik yang akhir akhir ini viral di medsos menyajikan sebuah menara yang menjulang tinggi sekitar 90m dpt Selain itu juga berdampingan dengan wisata madang perbadogan perwetengan yang berada disebelahnya juga tak kalah menarik jembatan apa blm tau namanya juga berada tidak jauh dari menara,1
55,"Lebih mirip menara masjid sih ya. Tapi overall oke, masuk bayar 25k untuk dewasa. Anak2 gak bayar, diatas bisa lihat kota purwokerto yg masih banyak sawah2nya. Ada jembatan kaca juga. Oke banget buat pengalaman baru. Semoga kawasannya makin tertata, kemaren masih pembangunan jadi banyak yg jeblok dan becek",0
56,Bagus.. Area parkir luas.. Sayangnya kalo ujan area parkir tidak ada tempat untuk berteduh.. Saran saja area parkir dikasiih tempat untuk berteduh.. Terimakasih..,0
57,Menara Pandang Purwokerto atau menara Pandang Teratai disebut teratai karena ujung menara setinggi 117 m mirip dengan kelopak Bunga Teratai. Kelopak Manara Pandang Teratai menjadi keunikan dari Menara Pandang Purwokerto yang tidak ada duanya.   Tempat ini dibuka antara pukul 8.00 hingga 10 malam.,0
58,"April 2022, masih dalam tahap pembangunan. Semoga jadi icon menarik Purwokerto. Mei 2022 (libur idul fitri) dibuka untuk umum dengan tiket 15rb/orang. Masih dalam tahap finishing bangunan, ada petugas di setiap lift, bagian atas ada 2lt utama. Sebaiknya datang pas malam krn pemandangannya lebih bagus, terlihat kelip lampu sampai area baturaden",0
59,"Pemandangan kurang menarik, lantai 2(kalau ga salah) cukup pengap. Minusnya, toilet yg bisa dipakai cuma dilantai 1, sedangkan bisanya 1 kali naik lift.",-1
60,"Nggak sampe 20 menit udah pulang wkwk... lumayan bagus untuk melihat pemandangan.. paling mengecewakan lantai 2 cuma ad coffee shop itu juga satu dan gg ad yang dilihat lagi slt lantai 4 ataupun 3 masih mending.. lalu aku kira lantai satu ad foodcourt berbagai makanan dan minuman tryta gg ada tutup.. masih dalam dalam tahap pembangunan semoga kedepannya lebih bagus lagi, lebih lengkap lagi, lebih sejuk lagi.. terasa sejuk pas dilantai 1 doang.. sisanya panas ğŸ˜",-1
61,"Melihat view kota Purwokerto dari ketinggian, apalagi kalau cuaca cerah sambil menunggu senja  tenggelam....indah sekali",1
62,keren deh pokoknyaaa... kesini pas malem hari trus cuaca lg terang juga jd nmbah poin keindahannya.. next time bkal kesini lagi sii..,1
63,"Saat kesini sebelum menara pandang dibuka hanya untuk petugas khusus yang di perbolehkan masuk jadi pada saat kita ke tempat ini tidak ada antrian yang berarti, ada lantai kaca yang aman untuk dilalui, menurut salah satu petugas yang membangun bangunan ini, lantai ini dapat menahan beban hingga 850kg serta di puncak terdapat tempat lagi tanpa kaca dan di amankan oleh jaring besi",0
64,"Tempatnya bagus, sayang belum di buka lagi karena ada perbaikan, barusan ke sini katanya tgl 1 juni 2022 mulai di buka kembali, â˜º",0
65,"Tempat wisata baru yang ada di tengah kota Purwokerto dengan jalan yang lebar dan cukup bagus serta pemandangan yang indah, namun sayang masih kurang  fasilitas tempat duduk dan panas karena tidak ada pepohonan di sekitar menara",0
66,"Sekitar menara masih gersang masih perlu banyak penataan agar terkesan megah , indah dan tentunya nyaman untuk dikunjungi",0
67,"Hanya bisa melihat dan berfoto dari kejauhan,  tapi sepertinya saya tidak begitu tertarik dengan tempatnya karna apa yang akan dilihat kalo kota purwokerto nya aja gelap ga ada lampu2 yang menarik seperti yang dibayangkan...kalo untuk menara nya sih ok laaah...ğŸ˜Š",0
68,"Icon baru kota Purwokerto, sangat indah melihat gunung Slamet dr puncak menara teratai.",1
69,"Menara yg akan jadi icon kota Purwokerto, akan lebih baik jika di cat menaranya, agar tidak hanya indah di malam hari saja",0
70,"Kami membeli tiket langsung di tempat dan tanpa antri, bisa juga dengan menggunakan aplikasi. Untuk masuk ke dalam menara tangan kita akan di stempel sebagai tanda bahwa kita sudah membeli tiket.",0
71,Worth it banget buat jalan2 santai Jadi pengen naik ke menaranya Lain kali kalo aku naik kesana aku review lagi dehğŸ˜ Aku penasaran banget,1
72,"Luasss... Masih terasa panas kalo siang ....tapi kalo sore enak buat jalan"" .... Sepertinya belum 100 % jadi menaranya tapi indah bagus ..",1
73,Banyak potensi tapi seperti masih tahap pembangun jadi bintang 4 dulu. Mungkin bakal jadi icon di purwokerto.,0
74,Salah satu menara di kota Purwokerto yg menjadi icon baru dan bisa naik ke puncak menara sehingga dapat melihat keindahan kota Purwokerto dari atas menara,0
75,"wahana hiburan di tengah kota Purwokerto, denga harga tiket yang tidak menguras kantong, kita bisa menikmati indahnya malam kota Purwokerto dan sekitarnya dari ketinggian menara bersama orang-orang tercinta, asik sekaligus mendebarkan.",1
76,Menara baru di purwokerto yang menjadi daya tarik karena kita bisa masuk ke dalamnya dan melihat pemandangan indah dari atas dan kalau malam menyala warna warni,0
77,"Lebih Indah kalo suasana malam...warna lampunya berubah ubah...tapi kalo untuk melihat view kota Purwokerto iya sebaiknya waktu siang menjelang sore...sumpah indah banget suaranya,harga tiket masih terjangkau...walaupun sekarang sudah ada kenaikan tarif HTM...iya moga aja jadi tambah bagus pelayanannya ya",1
78,"Tiket naik mahal, 20k hari biasa, 25k weekend, tapi pemandangan malemnya cantik. Kl nongkrong dibawah cukup bayar parkir",0
79,"Over all it's okay. Hanya saja mungkin kedepannya untuk lokasi di menaranya di tambahkan fasilitas lain, seperti tempat duduk ataupun seperti tempat musium sejarah banyumas. Thankyou ğŸ˜Š",0
80,"Bagus, adem, mungkin malem hari bakal lebih bagus karna ada citylightnya. Fasilitas oke, karna ada lift dan ga harus cape naik tangga. Cuman pemesanan tiket sptnya kurang efisien untuk org tua, soalnya harus via apk dan pembayaran lwt mbking/e-money dan ga semua org tua itu paham. Selebihnya mengenai tempat goodğŸ‘",0
81,"Lift untuk naik ke atas menar buka jam 9 pagi, tiket masuk 10.000/orang. Puanaaaas karena belum ada pohon yang tinggi",-1
82,"Menara pandang teratai tempat rekreasi baru di kota purwokerto,malam minggu sangat ramai,cocok buat nongkrong pinggir jalan,banyak pengunjung mulai dari kaum muda mudi sampai orang tua,dekat juga dengan rumah makan madang maning park,kompleknya mirip mirip meikarta,semoga makin berkembang kedepanya",0
83,Bersih.. Tidak ada PKL (pedagang kaki lima). Butuh manajemen biar gak antri banget pas naik lift nya,1
84,"Mungkin karena masih baru, blom begitu nyaman buat nongkrong. Tapi lumayan lah bisa lihat pemandangan kota walau pas kesitu pas hujan, jd kurang gitu bagus..  Masih banyak yg harus dibenahi",0
85,"Menara baru di kawasan kota PurwokertoğŸ˜ waktu itu sekedar lewat bersepeda, kita bisa memasuki menara dan naik keatasnya untuk lihat pemandangan kota purwokerto dan sekitarnya",1
86,"tempat widata baru di purwokerto, menara pandang menyajikan pemandangan kota purwokerto dari atas, selain itu terdapat lantai kaca bagi yang suka tantangan, fasilitas tempat parkir yang luas, tiket masuk naik menjadi 20rb",0
87,"Bersih, luas, ramah petugasnya. Ada mainan skate board, toilet. Sayang ga ada mushola",0
88,"Tempat nyaman, asyik buat santai tapi sedang perbaikan jadi tidak bisa naik ke atas menara",1
89,"Halaman luas, bisa buat duduk2, tapi tumbuhannya masih gerbang. Pelayanan bagus dan ramah",1
90,"Blm begitu ramai..pilihan FnB lumayan, ice cream, minuman mulai es teh, jus, es cokelat..makanan ringan sampe yg berat ada juga..kayane kalo jalan di bikin 2 arah bakal rame",0
91,Tempat yang sangat cocok untuk jalan-jalan dan kita juga dapat melihat sekitar Purwokerto. Tiket parkir untuk motor 3k sedangkan untuk tiket masuk pada weekend 25k.,1
92,"Megah menjulang, meski belum banyak pepohonan jadi kalau siang panas, rekomendasi malam indah dg lampu2.",0
93,"Tiket Rp 20.000 hari biasa, weekend/libur Rp 25.000  Menurut Gue masih kemahalan. Terus, BELI CAT KENAPA SIH ???? INI BANGUNAN JELEK BANGET KALO LAMPUNYA NGGAK NYALA!  BELI CAT ! DI CAT ! Kek bangunan belom jadi, terus dipaksain, dipasang pake lampu biar laku.",-1
94,Saat kesini blm jd 100%. Kemungkinan bagus bgt kl sdh jd 100%. Bs ke cafe lantai atas dan foto dr atas. Smoga saat kesana lg sdh jd 100%.,0
95,"Asik tempatnya, dipinggir jalan banyak yg jual kopi. Nonton orang lewat sambil minum kopi rasanya mantab apalagi sama ayang awkaowkaow",1
96,"Kelihatannya akan menjadikan wahana tempat rekreasi menarik, lebih-lebih bagi anak-anak. Intinya bisa jadi wahana educatif. Teruslah berbenah.",0
97,"Jangan sampai terlewatkan mampir disini, untuk melihat pemandangan seluruh kota purwokerto dari ketinggian, pokoke mantull",1
98,Tiket masuk 25rb kurang worth it si buat saya..hehe..di dlm menara liat galeri seni sama ke atas ada coffe shop dan liat pemandangan lpurwokerto dr atas..,-1
99,"Lagi hits banget nih menara. Jadi ada 5 lantai kalo kita di lantai 1 kita gak perlu bayar, kalo naik baru kita bayar per orangnya 20k. Kalo kesini mending malem lebih bagus pemandangannya dan adem gitu. Ada sekuternya juga.",1
100,"Tempat sudah bagus dan bersih , sayangya tidak ada mushola atau masjid sekitar",0
101,"Walaupun belum total jadi tp menaranya sungguh luar biasa mengagumkan, tp setelah di lihat dr luar seperti teratai lambang Budha dan keseluruhan menara seperti tongkat bitsu buadha dan mahkota budha, itu hy perkiraan sy aja apa memang demikian , terimakasih",0
102,"Tempatnya keren, parkirnya luas, toliet serasa singgahan tapi jangan kebetahan di situ, tapi saat itu belum ada musolanya, ya seperti ini gambarannya",1
103,"Lokasinya ramai,. Di lantai 2 terdapat bau rokok yg lumayan menyengat.bagi orang yang tidak merokok,.",-1
104,"Kurang pohon karena masih baru, pakai kscamata dan topi kslo kesini ya, parkir super duper luaaasssss, pelayanan super ramah... istagramable.. cakep, banyak dpot foto dan tiket masuk terjangkau",0
105,"Tempat wisata baru di tengah kota Purwokerto, dengan bersepeda masih pagi, loketnya belum buka begitu juga kuliner masih tutup broo",1
106,"Menara pandang atau Menara Teratai adalah Wahana baru ikonik kota Purwokerto, terletak disebelah barat alun-alun Purwokerto, dilengkapi area kuliner dan tempat parkir yang luas, untuk naik ke atas menara dikenakan tarif tertentu . Anda tertarik? .. .. silahkan berkunjung bersama keluarga sambil menikmati pemandangan kota Purwokerto dari ketinggian .",1
107,"Lebih bagus kalo malam, parkiran luas, tapi di menaranya masih ditutup, 2 kali ke sana belum bisa masuk juga",1
108,"Pelayanan ramah, tempat bersih, tersedia tempat sampah, toilet, lift. Ada 5 lantai gedung.",1
109,"Destinasi wisata baru untuk warga purwokerto dan sekitarnya, masih minim tempat sampah.",0
110,"bagus banget, pelayanan sangat ramah ( htm weekend Rp 25k )",1
111,"Menara baru di purwokerto bagus menjulang tinggi, jadi tempat wisata baru juga disini , boleh naik ke atas tapi harus hati2 karna tinggi banget",1
112,"Biasa bae , wis butul malah ora tertarik pengin munggah Kirain tinggi sekalii menara nya ternyata standar ,larang ,nganggo cash ragelem malah mempersulit nggo sing penginyongan  Lewih enak jagongan nng halaman kambi ndeleng lampune  Masuk ws parkir koh detariki maning baline ..kudune apa penertiban maning??",-1
113,Seneng bgt bisa lihat pemandangan purwokerto dari ketinggian menara. Anak-anak suka bgt.,1
114,Demi yang tercinta aku buang rasa takut ketinggianku... Apalagi pas di jembatn kaca itu aku milih puter balik.  Terima kasih buat mb.pemandunya.,1
115,"Ahhhhh jembatan kacanya bikin nagihhh, kurang lama sih kmrn durasi buat pose di jembatan kaca ituğŸ¤¤ğŸ¤¤ğŸ¤¤ tp tp tp kan mmg hrs gantian sama yg lain ğŸ˜ğŸ˜ŠğŸ˜Š",1
116,Fresh baru buka... Yg orang purwokerto aja belumpada main ke sini katanya... Hahaha..,1
117,Bagus b banyak spot ftonya dan juga bisa buat tempat piknik,1
118,"Bagus kalo malam hari, kalow siang kyaknya panas bgt, masih baru jadi rame bgt belum nyobain naik keatas",1
119,Areanya luas untuk jalan2 dan olahraga... Buat kegiatan acara disini juga ok... Tempat parkir juga lumayan luas dan tersedia toilet umum,1
120,"Parkiran nya luas juga bisa melihat pemandangan dari atas, sayang nya belum sempat naik karena antre",1
121,Jangan lupa mampir juga ke videophoto booth 360 ya ada di trotoar menara pandang teratai harganya murah cuma 10ribu kalian bisa buat konten dan moment bahagia..jangan  malu langsung aja tanya dan cobain sensasi 360..,1
122,"Malam hari kesini, disuguhi kerlap-kerlip lampu yang menghiasi menaranya. Menjadi ikon Purwokerto. Ramai pengunjung terutama muda-mudi.",1
123,Bisa melihat kota Purwokerto dari tempat yang tinggi. Ada juga sedikit uji nyali untuk berdiri di atas lantai kaca. Dicobain aja deh. Bagus kok..,1
124,"City view tower, watching around Purwokerto city from 3rd n 4th floors.. Pertama kali kesana kita wajib download app ""dolan banyumas"" Then making reservation n payment through that app (Rp. 25k / each). Btw anak 2th masih free.. akses naik menggunakan lift/ elevator yg besar, warnanya gold keren sih. Lebih bagus di malam hari karena LED diseluruh tower menyala.",1
125,Lightingnya bagus sekali cocok buat selfie bersama keluarga atau pacar neh...,1
126,"Parkir motor 3ribu, biaya untuk masuk ke menara saat weekend 25 ribu, weekday 20 ribu per orang.. setelah masuk dilantai 1ada patung-patung, pajangan kaya komik gitu,  lalu anda akan diarahkan naik lift menuju lantai 4, per lantai diberi waktu sekitar 15 menitan. khusus untuk lantai 5, hanya dibolehkan untuk orang dewasa tertentu dengan minimal tb 160 cm.. kemudian dari lantai 4 turun ke lantai 3, terdapat lantai kaca panjangnya hanya sekitar 2 meteran, tapi cukup menakutkan buat yang takut ketinggian, lantai 2 coffe shop, menurutku tiket segitu tidak worthedğŸ˜† di halaman depan bisa sewa skuter dengan biaya 15 ribu/orang untuk 15 menit.",0
127,Mohon untuk tidak buang sampah sembarangan dan jaga kebersihan karena fasilitas umum adalah milik kita juga..,0
128,"Sy berkunjung di malam hari suasana jalan sekitar nya hanya terang di parkiran ada lampu jalan, sepanjang jalan menuju dan keluar lokasi gelap tidak ada lampu jalan dan keluarnya lebih jauh",0
129,Kesini sekitar jan 9-10 pagi lumayan sepi. Dan bagus untuk foto2.,0
130,"Tempatnya baguss, didampingi pramuwisata (ramah, baik), ada jembatan kacanya juga lohh, trs bisa liat pemandangan Purwokerto dari atas",1
131,"Sayangnya harus pake applikasi kalo mo beli tiket,,kalo orang yg gaptek,gimana jd gak bisa masuk dong,,",-1
132,Bagus tempat nya sayang nya gersang udah sih lainnya bagus,0
133,"Mantap view purwokerto keliatan kok, htm cuma 15k per orang kok, cuma sayang ga ada mushola",0
134,Icon baru Purwokerto...lokasi Start acara JamSeLiNas (Jambore Sepeda Lipat Nasional) ke XI 2022,0
135,"BAGUS PEMANDANGANNYA COCOK BUAT REFRESING NGILANGIN JENUH, BARU BUKA UDAH BANYAK BANGET PENGUNJUNGNYA, SAYANG TEMPATNYA BELOM RAPI, BEBERAPA TAHUN KEDEPAN PASTI RAME SKALI TEMPAT AREA SEKITAR KAWASAN SINI KARNA BANYAK PUSAT2 KERAMAIN DI AREA INI. TEMPATNYA DEKAT DENGAN ALUN2 PURWOKERTO YG TIDAK TERLALU JAUH MENJADI PILIHAN UNTUK LIBURAN AKHIR PEKAN BERSAMA KELUARGA",1
136,Area parkir cukup luas akan tetapi kurang pepohonan sehingga untuk saat siang hari cukup panas  æ¸¸ä¹åœºï¼šTaman luas untuk bermain   æ´—æ‰‹é—´ï¼šAda toilet umum bersih dan nyaman,0
137,"Bagussss,,tp gk berani ke jembatan kacanya ğŸ˜°ğŸ˜°",0
138,"Tempatnya bagus, parkiran luas, nyaman, petugasÂ²nya ramah dan sangat membantu",1
139,"Parkiran luas, menawarkan pengalaman berbeda dengan pemandangan yang indah dari ketinggian, lokasi juga mudah dijangkau",1
140,bersih menyengankan.  cuma aga becek pavingnya kurang rata.,0
141,Ya mayan.. Tp kesitu lampunya n lifnya lagi matek.. Jam10malam udah d matiin semua lampuu.. Mbok yo dampai malam pak,1
142,Kesini malem cuma buat foto.. bayar parkir aja. Kapan2 pengen kesini siang dan naik ke atas menara. Yeay,1
143,Bakal jadi kawasan ramai.. Kalo sabtu pagi ada pasar sabtu.. Yuk mampir di serba jajan masmaskae,1
144,Alhamdulillah bisa sholat d parkiran menara pandang..tempatnya luas...tertata dan rapi,1
145,"Icon baru kota Purwokerto yang terdiri dari 5 lantai dan terletak di jalan Soekarno - Hatta.  Di lantai dasar terdapat coffee shop kecil yang buka mulai pukul 10 pagi dan juga terdapat fasilitas toilet. Untuk menuju ke lantai lain, dapat menggunakan fasilitas lift yang hanya dioperasikan oleh petugas.  Lantai 3 berupa platform tertutup. Di lantai tersebut juga ada lantai kaca sehingga pengunjung bisa melihat langsung ke bawah ke halaman menara. Untuk melintasi lantai kaca ini, pengunjung harus melepas alas kaki terlebih dahulu untuk menghindari gores dan aus pada lantai kacanya.  Lantai 4 dan 5 berupa platform terbuka yang hanya dipagari oleh kaca dan anyaman baja untuk lantai 4. Lift hanya sampai di lantai 4. Dari lantai 4 ke 5 menggunakan tangga besi. Itulah sebabnya diberikan stiker peringatan di  kedua lantai agar pengunjung turun ke lantai 3 di kala hujan untuk menghindari petir.  Pada saat saya berkunjung ke sini, di depan menara sedang berlangsung lomba fashion show. Bukan tidak mungkin bila di masa mendatang, tempat ini juga akan menjadi tuan rumah acara-acara lain.",0
146,Bagus banget melihat kota purwokerto dari ketinggian. Di bagian lantai kaca haduh deg _ degan  sedikit takut lewati lantai kacanya.. Tapi keren..  ğŸ˜â˜º,1
147,"Wonderful. Tinggal tunggu kelengkapan fasum, lampu taman yg terang benderang akan memukau pandangan malam hari",1
148,Menara Teratai Purwokerto dengan menara setinggi 117 meter dan terdapat lantai kaca di lantai 3,1
149,"Bagus, recomended jalan2 bareng keluarga, temen, pacar",1
150,"Cocok untuk rekreasi keluarga, pemandangan bagus apabila kita ke menara lantai paling atas",1
151,"Lumayan bagus, masih sepi pengunjung yang naik ke atas menara.",0
152,"Ikon baru kota Purwokerto. Dari atas bisa melihat purwokerto dan sekitar. Lebih bagus jika naiknya pas malam karena lampu warna warninya menjadi pemandangan tersendiri. Tiket masuk 15 ribu rupiah. Parkir motor 3 ribu dan parkir mobil 5 ribu. Sayang untuk saat ini hanya itu yang bisa dilihat, tidak ada lainnya. Sayang juga tempat sampah tidak tersedia mencukupi sehingga banyak pengunjung buang sampah sembarangan",-1
153,tiket masuk keatas 20k per orang ada 4 lantai setiap lantai dikasi waktu 10-15 menit,0
154,"Tempat wisata baru, lumayan ramai dan menarik bisa lihat kota Purwokerto dari ketinggian",1
155,"Pada Tanggal 13 Agustus 2022, Semarak Muktamar Muhammadiyah ke 48 diselenggarakan",0
156,"Karena masing dalam pengembangan untuk sementara ini fasilitas area di sekitar menara masih belum lengkap. tetapi penjalan kaki dapat menyusuri sepanjang jalan soekarno hatta dengan nyaman untuk sekedar jalan kaki, lari pagi atau bersepeda.  Untuk tiket masuk ke menara Rp. 20.000 weekday, Rp. 25.000 weekend juga masih terlalu mahal untuk kalangan menengah kebawah padahal city scape yang di tawarkan kota purwokerto masih blm terlalu wah seperti kota besar lainnya.",0
157,"Bagus tempatnya, bisa liat pemandangan di pwt juga dari atas",1
158,Senam pagi memperingati Hari Jantung Sehat Dunia di Menara Pandang Teratai Purwokerto.,0
159,"Bagus tempatnya, cocok buat keluarga",1
160,Masih ada space akses masuk yg belum di paving shg pas hujan jadi becek. Juga penerangannya masih kurang. Kudu ati ati mlakune nek Maring menara pandang bar maghrib. Pengalaman sikil nyangkut kawat... Kalo tiket masuk si ya relatif. Bisa lebih murah lebih bagus toh utk hiburan masyarakat juga. View dr menara pandang kalo malam bagus.,-1
161,Tiket masuk 20ribu. Untuk masuk lift didampingi oleh petugas. Kunjungan di lantai 3 dan 4 waktunya terbatas. Untuk melewati jembatan kaca tidak boleh memakai sendal dan maksimal 3 orang. Tempat recomended untuk melihat indahnya kota dari atas. Di lantai satu ada komik tentang sejarah banyumas yang ditempel di dinding. Ada pojok baca dan beberapa lukisan bunga serta patung.,0
162,"Bagi pencinta keindahan malam wajib coba ke menara pandang. kalian bisa ngeliat kota dari segala arah buat ngefresin mata yang tiap hari liatnya kerjaan muluk,ada tempat ngopinya juga Loh temen2 bagi pencinta kopi recommended banget bisa ngopi sambil liat indahnya kota saat malam hari tanpa ada suara2 bising diluar sana",1
163,Ke sini pas malam.. Kesannya gelap di sekitar menara Pandang. Harusnya ada lampu dan tempat nongkrong yang lebih representatif lagi lha... Petugas ramah dan memberikan informasi yang jelas. Harga tiket pas weekend 25rb . Di atas 4 tahun ttp membayar.. Trus bagian paling atas g nyaman buat pengunjung mungkin karena fasilitas. Kecewa sedikit karena gak bisa bawa balita ke atas padahal udh ikut membayar penuh layaknya orang dewasa.,-1
164,kesini waktu hari kerja. otomatis sepi. jadi gak afa antrian untuk naik ke atas. staffnya ramah siap memandu disetiap lantai yg dikunjungi. lantai 4 dan 5 ya intinya hampir sama kita bisa melihat purwokerto dari atas. sama ada 1 lagi lantai kaca kita bisa merasakan berdiri disitu. cuma ya sarannya area halaman menara bisa dipercantik lagi biar kalo liat dari atas (lantai kaca) biar lebih terlihat estetik,0
165,"Tujuan lokasi baru di Purwokerto, and worth the hype. Lebih datang kesana di waktu sore atau malam, karna bisa terlihat lampu lampu kota Purwokerto dari ketinggian 4 lantai. Dengan harga tiket masuk Rp 20.000, lokasi ini memiliki fasilitas yang baik, bersih, dan terawat. Petugas informatif dan helpful. Coffee shop yang berada di lantai juga cukup enak.",1
166,"Belum selesai proyeknya, masih cukup berantakan kawasan ini. Tapi memang nanti kalo sudah jadi aua akan menjadi tempat yg iconik buat warga Banyumas. Dengan fasilitas masjid seribu bulan dan pujasera Madang maning. Keren deh.",0
167,"Bagus, kalau malam lebih indah karena lampunya warna warni",1
168,Aku sampe SN dah kemaleman tp lampu lampunya warna warni bgs banget,1
169,"Harga tiket masuknya tergolong bersahabat, padahal ke sana weekend. Puas banget keliling, oiya tolong patung2nya yang di lantai 1 dikasih keterangan dong itu siapa lagi ngapain. Pemandangan di atas kurang bagus kalo pagi, apalagi pas ke sana mendung.  Sebelumnya cuma pernah jalan2 di sekitar menara, baru kemaren minggu pertama kali masuk karena udah diniatin mau nembak doi di sana. Lantai 5 jadi saksi bisu dia nerima aku. Hehe",0
170,Purwokerto dimalam hari terlihat lebih indah di lihat dari menara pandang,1
171,"Luas tempatnya, cuma belum ada pemekaran",0
172,"lantai 1 ada ilustrasi komik ttg pengetahuan, jadi bisa buat belajar sejarah. tempatnya nyaman. ada coffee shop juga, dan yg utama adalah lantai paling atas buat liat kota Purwokerto. saran kalau mau kesini liat"" cuaca dulu, biar pas foto cantik langitnya.",1
173,Menara sangat bagus dan juga kalo malam ada beberapa warung mainan dan warung kopi disana jalannya sangat indah dan bagus apalagi jika malam malam kesana banyak warung kopi dan Mainan apalagi malam Minggu sangat ramai dan ada juga anak kecil yang bermain lari larian atau kejar kejaran,1
174,"Pembangunan sarana wisata dalam kota yang tepat. Menarik pengunjung lokal maupun dari luar kota. Parkiran luas dan ada tempat makan serupa pujasera, membuat perekonomian di wilayah baru semakin berkembang. Purwokerto mantabâ€¦",1
175,"Tempat yang asyik buat jogging atau rekreasi keluarga yang cukup terjangkau.Tersedia pondok makan,toilet dan tempat parkir yang luas.Lokasi yang dekat dengan Alun-alun,Rita Supermall,Buntos,Bank BCA etc waktu yang bagus hari sabtu dan minggu karena hari kerja tempat ini sepi pengunjung .",1
176,"salah satu tempat rekreasi dalam kota yg recommended, parkir luas, bisa liat pemandangan purwokerto dari atas, banyak petugas yg mengarahkan jadi semua tertib",1
177,Naik ke atas bisa melihat view Kota Purwokerto 360â€¢,0
178,melihat kota dari ketinggian&amp;parkir luas cocok untuk wisata keluarga,0
179,"cuma mampir maen skuter anak, krn sore hari jdi males naek",0
180,Lumayan buat pengalaman berada di ketinggian..angin lumayan kencang baik di area bawah menara maupun diatas..silakan datang dan dapatkan sensasi berjalan diatas lantai kaca pd ketinggian..,1
181,Cocok buat gowes dan joging...,1
182,"kesono sore langsung naik ke atas, liatÂ² sambil nunggu malem soalnya pengen ngeliat Purwokerto malam hari dari menara, berhubung nunggu malemnya masih lama jadi saya keluar dulu biar ga gabut, pas saya mau masuk lagi ke dalem gak bolehin sama yg jaga, katanya yg udah keluar ga boleh masuk lagi hmm kecewa",-1
183,Cantik..tmpt yg luas aman buat anak2.. Semoga ke depany bisa d tmbh area bermain anak ada prosotn ayunan dan mainan edukasi lainy buat anak2,1
184,"Masih proses pembangunan, yg sy tidak suka fasilitas umum mushola belum ada. Jadi pengunjung kesulitan untuk melaksanakan ibadah.",-1
185,Rame...objek wisata baru Ben ngerti kota Purwokerto Apik...,1
186,"Menarik,,tapi perlu ditambahi wahana bermain karna lahan samping masih banyak yg kosong,,jd bener bener bisa buat tempat wisata",1
187,"Hati-hati,lantai didepan pintu masuk dan keluar,menjadi licin apabila hujan.Sebaiknya dilapisi karpet atau rumput sintetis supaya tidak licin .Pengalaman cucu saya tetap terpeleset meskipun sudah dipegangi",-1
188,View nya bagus tapi sayang jembatan kaca nya kotor bgt sama banyak Tomcat! Duh untung sadar liatnya klo ke gigit bakal korengan gw,-1
189,Takjub melihat keindahan kota Purwokerto dari segala sisi dari ketinggian dimalam hari,1
190,Tempat baru jd kalo siang panas banget,-1
191,"Tempatnya bagus, nyaman, bersih, makanannya enak.. Harga lumayan terjangkau.. Spot foto nya bagus bagus.. Pelayanan ramah dan baik.. Tempat cocok untuk menghabiskan waktu bersantai.. ğŸ‘ŒğŸ‘ŒğŸ˜Š",1
192,"Tempat wisata yang sedang hits di Purwokerto. Seperti monas, karena bisa melihat wilayah kota Purwokerto. Parkiran luas. Fasilitas kuliner juga tersedia.",1
193,Belum sempet masuk dan naik... cuma mampir habis pertemuan sm bu lurah ... semangat buuuu LuraaahhhğŸ‘ğŸ‘ğŸ‘ğŸ‘ğŸ‘ğŸ‘,1
194,"menara teratai ini menjadikan salah satu ikon kota purwokerto, dari menara ini pula para pengunjung serta wisatawan yang dari luar purwokerto dapat melihat pemandangan di purwokerto dengan 360Â°, tapi saran mimin mending kalian datang saat malam hari, kalian bisa melihat keindahan kota purwokerto di malam hari, dan apabila anda ingin melihat kota purwokerto di siang hari, lihat lah kondisi cuaca, pastikan saaat cuaca cerah, agar para pengunjung dapat melihat keindahan purwokerto di siang hari",0
195,"Foodcourt sudah ada tempatnya sendiri di gedung sebelah,mandhang maning park namanya. Disini untuk full rekreasi dan jalan"".",0
196,"Diresmikan oleh Bupati Banyumas, Ir Achmad Husein, Rabu&nbsp;27 April 2022. Bangunan ini memiliki ketinggian sekitar 117 meter. Pembangunan yang terkonsep dengan baik di area jalan baru. Kedepannya akan menjadi Landmark Kota Purwokerto.",0
197,"Disana pemandangan nya bagus bgt,,, juga bisa buat joging bareng pacar, teman, keluarga pokoknya view nya tuh mendukung bgt kalo buat foto"" gituu,,,",1
198,"Dapat memandang Kota Purwokerto di siang dan malam hari. Hanya saat ini, lingkungan sehamparan sekitaran Menara Pandang Teratai masih terlihat dalam tahap pembangunan.",0
199,"udah bayar parkirnya mahal, tiket masuknya harganya naik, makanan disekitar menara juga jadi mahal, ngga ada venue lain di sekitar menara, adanya cuma menara doang, coba kalo deketan sama madang maning park, jadinya satu pintu masuk, satu kali parkir, di menara cepet ngebosenin karena tempatnya itu itu aja",-1
200,Bersih nyaman .. cocok untuk anak anak bermain di halaman yg luas..,1
201,Ngga wort it sama sekali. Masih tahap pembangunan tapi tiket udah mahal. 25rb cuma gitu doang,-1
202,Belum pernah naik ke atas menaranya. Tp sangat membanggakan dengan adanya ikon baru di kota Purwokerto. Semoga Purwokerto semakin pesat perkembangannya.,1
203,"Lumayan Bagus, tapi kalau dilihat Siang Hari utk pengunjung kurang ramai ... Jadi utk naik ke Menara Pandang tidak antri ... ğŸ™‚ğŸ™‚",1
204,Bagus..salah satu landmark nya kota tercinta..Purwokerto,1
205,"Belum ada Loby Turun penumpang jika mengunakan Taxi, Sehingga Harus turun dijalan raya yg membahayakan",-1
206,"Bagus, monumental, lighting yg menarik saat malam hari, lokasi start Jamselinas XI",1
207,Mengisi weekend nongki nya di sini,0
208,"Menara pandang utk jln udh aspal,tiap mlm rame pedagang kopi ,lagi byk proyek",0
209,"Malam minggu bersama keluarga disini, melihat view perkotaan purwokerto dari puncak menara",0
210,Sing penting pd bombong Madange ning madhang maning park,0
211,"HTM 20K Weekday, 25K Weekend dan dirasa kurang worth it, dengan batasan waktu 15 menit per lantai untuk pelayanan sih lumayan ok Toilet kurang bersih dan berbau, akses dari pakiran cukup jauh, apalagi saat hujan tidak ada tempat meneduh sangat tidak bersahabat dengan anak anak Dan disaat panas tidak ada tempat yang ckup rindang masih terasa gersang",-1
212,Landmark Baru PWT,1
213,tempat asik buat nongkrong,1
214,"Bersih dan luas buat sholat ied, saran beri tempat sampah di beberapa titik",1
215,Tempat destinasi wisata baru di kota Purwokerto yg representatif Menara pandang teratai untuk menikmati pemandangan kota Purwokerto dari ketinggian 114 meter diwaktu siang maupun malam......,1
216,Champion FFA @kustomfest jogja 1-2 oktober 2022 Skarbak (Sepeda KARgo BAkulan Kopi),0
217,"Ikon baru di purwokerto(monas ny purwokerto), pas saya ke sini blm di buka tempat ny karena msh dalam tahap perapian.. Next ke sini lg..",0
218,"Tempat baru untuk healing bareng keluarga, teman, sahabatğŸ˜€. Tiket untuk masuk naik ke menara pandang 15k/orang.",1
219,Hanya naik kelantai 4. Fasilitas belum lengkap masih tahap renov. Antri lama diluar,-1
220,Belum sempat masuk ke buru mau buka puasa..tempatnya luas bisa meliat kota purwokerto nan cantik,1
221,"Wahana baru di purwokerto yg wajib menjadi salah satu tempat rekreasi pilihan, untuk melihat kenapakan alam dan kota purwokerto dari atas ketinggian 99 meter. Akan lebih indah jika berkunjung di malam hari, penuh dengan kerlap kerlip lampu yg akan memanjakan mata krn penuh pesona warna yang menakjubkan. Mungkin saat ulasan ini di tulis untuk masuk menara blm dibuka krn menurut pihak terkait masih tahap perbaikan dan penambahan fasilitas untuk memuaskan pengunjung, diperkirakan wahana akan dibuka kembali untuk umum pada tanggal 1 Juni 2022.",0
222,"Masih perlu perbaikan sana sini. Udaranya panas, perlu adanya penghijauan agar pengunjung betah.",-1
223,takjub karena termasuk pengalaman pertama.. mengunjungi bangunan baru ikon kota purwokerto...keren pokok yağŸ‘ğŸ‘ğŸ‘ğŸ‘ğŸ‘,1
224,"mungkin sedikit saran utk kawat pengaman di area tengahnya dapat diganti dg fiber atau bahan yg tembus pandang, jadi bila pengambilan gambar tidak akan terhalang kawat",0
225,"Tempat nya bagus bgt,jadi wahanan pariwisata baru dikota satria",1
226,"Bagus banget.,,kelihatan indah kota Purwokerto dari atas menara pandang di malam hari",1
227,Tempat yang cocok untuk berlibur bersama keluarga,1
228,"Karena penerangan kurang pada malam hari ditambah lantai tangga yang berwarna gelap, tadi ada 2 pengunjung (dewasa) jatuh tersungkur dari tangga saat keluar dari gedung.",-1
229,Apik banget... inyong bangga dadi warga Banyumas.,1
230,"Tempat parkir luas. Biaya masuk menara 15rb/orang. Cukup worth it untuk dikunjungi.  Tapi kalo malem penerangannya kurang. Fasilitas tempat sampah ada, tapi masih kurang banyak.",1
231,View Menara Pandang dari Kampung Dahar Food Court Rita SuperMall Purwokerto Lantai 3. Masih dalam progres pembangunan,1
232,"Menara pandang teratai Purwokerto, tempatnya bagus, parkiran luas, bisa berkunjung dengan keluarga, sahabat, kerabat atau kekasih ,ada coffe shop nya, menara nya bagus dan sangat indah , harga tiket non weekend 20k harga saat weekend 25k",1
233,Salah satu ikon baru di kota Purwokerto.. Kita bisa menikmati keindahan kota dari atas,1
234,"Malam minggu rame banget, area bermain untuk anak2 bawahnya kerikil2 tajam jadi kurang nyaman, coba kalo rumput atau paving pasti lebih nyaman",-1
235,"Pengalamanku brkunjung ke mnara pandang trlalu pgi, jdi blum buka , dngr2 bkanya jm 10",0
236,"Destinasi baru cukup bagus, namun masih terlihat gersang di beberapa lokasi,mungkin dampak dari pembangunan yg msh berjalan di sekitarnya..3-4 bulan lagi akan lbh baikğŸ‘",0
237,"mantap, menara ini terinspirasi dari tong sam cong dari serial kera sakti ğŸ’, dengan menikmati menara ini akan langsung membawa anda merasakan sensasi mencari kitab suci ke barat",1
238,"Untuk masuknya weekend Rp 25.000 , weekday Rp 20.000 anak dibawah 3 taun masih gratis , dalem sana ada 4 lantai. Lantai 4 pandang, lantai 3 ada lantai kaca , lantai 2 coffeshop.",0
239,"Menara pandang teratai purwekerto  bisa lihat pemandangan kota dari menara. Di lantai dasar ada resto, di lantai 2 ada coffee shop.  Lantai 4 tempat pandang untuk dewasa dan anak2. Lantai 5 khusus anak2. Di lantai 3 ada lantai khusus kaca untuk orang jalan uji nyali",0
240,Great for sightseeing. Tapi bisa dibilang pemandangan lantai 3 tidak jelas karena ada jeruji pengaman. Untuk museum mininya juga cukup menarik. Overall good.,0
241,"Parkir motor 300 mobil 15000 tiket masuk 25000 lantai 2 ada kaffe cocok buat yang suka ngopi-ngopi, ada lantai kaca seru buat Selfi Â²",1
242,"Wahana baru, jadi masih banyak yg belum rapi.. Parkir mobil Rp. 5.000 Motor Rp. 3.000 Naik menara Rp. 20.000/org",0
243,"Bagus lah ,kalau menaranya sudah bisa di naiki cuma lokasi sekitarnya masih dalam proses pembangunan ... Nb Tiket 20k , weekend 25k",0
244,"Ke sini nya malam, pas buat sekedar kopi santai bincang-bincang juga momong anak ğŸ˜‰",1
245,Bagus dan ada delmannya keliling alun2 bersama mbah wajim,1
246,"Menarik untuk dikunjungi. Bisa lihat sokaraja dari atas. Banyak fasilitas masih dalam pembangunan, kalau sudah jadi pasti bakal jadi hot spot ya",1
247,"Lantai 4 panas berjubel , lantai 3 panas malam kaca tak tampak view, lantai 2 hanya coffe shop.. Harga tiket mahal 25rb",-1
248,"Tempatnya bagus, tp sayang kurang penerangan d depan menara, bwt foto2 pas malam hari gak keliatan orgnya, semoga d kasi lampu d halaman  dpn menara ğŸ™ğŸ˜Š",1
249,"Tempatnya cukup bagus. Cuma ini tempat baru, tapi kenapa lift nya sudah rusak, sehingga harus tutup sementara. Perlu management yang baik untuk handlenya. Mungkin bisa belajar dari menara pandang di Masjid Agung Jawa Tengah di Semarang.",-1
250,Lumayan bagus...hanya masih kurang pemeliharaan tanaman,0
251,Semakin bagus,1
252,Destinasi ikon wisata baru di purwokerto pelayanan ramah parkir mobil 5000 fasilitas toilet dan tempat makan bayar masuknya perorang 25000 anak dibawah 5 tahun tidak bayar,1
253,Tempat wisata baru di Purwokerto yang unik.. belum selesai seluruhnya tapi sudah dibuka jadi banyak fasilitas yg blm ada.. tiket masuk standar saja,0
254,"Di luar masih berantakan, tapi di dalam menarik, ada edukasinya juga",0
255,Sbnrnya menaranya bagus didlm menara lantai 1 bagus ada mini cafe ada tmpat baca ada komik edukasi cmn jln sktr menara gelap krng penerangan,0
256,"Masih gersang, mudahÂ² tahun depan pepohonan mulai tumbuh",-1
257,"Cukup nyaman,  di lantai 1 masih gratis,  parkir mobil hanya 5000,  dan tiket masuk untuk naik ke menara cukup mahal sebesar 20rb",0
258,"Htm nya mahal... 20rb/org... Masih tahap pembangunan,jdi masih bnyak tmpat yg kotor.",-1
259,"lumayan rame di sore ini meskipun cuaca mendung, gerimis tipis",0
260,Sudah pernah berkunjung...hasilnya Amazing bisa lihat kota Purwokerto dr ketinggian 100mtr,1
261,Suka liat lampu kota purwokerto... Warna warni berkilau... Cantik,1
262,"Komplain, lantai paling atas dengan pelindung anyaman kawat membuat efek pusing. Kami rombongan banyak mengeluhkan hal yg sama. Berbeda bila di lantai bawahnya yg pelinding kaca, tidak ada efek pusing.",-1
263,Anda bisa melihat pemandangan Purwokerto dan sekitarnya. Termasuk Gunung Slamet dan kawasan Baturaden. Harga tiket Rp.25.000/orang,0
264,"Mendampingi anak nonton iring2an kendaraan hias di Menara Pandang pagi hari ini. Tempatnya luas, alhamdulillah tidak terjadi macet.",1
265,"Bisa melihat view kota purwokerto dari ketinggian menara, pemandangan yang bagus, instagramable tempatnya, ada tempat ngopi yg asyik juga ğŸ‘ğŸ¼ğŸ‘ğŸ¼ğŸ‘ğŸ¼ğŸ‘ğŸ¼ğŸ‘ğŸ¼",1
266,"Pada saat kami kesana, saya tdk bisa ke atas karena sedang hujan deras. Tp bisa terbayang it's gonna be so beautiful kalau dari atas",1
267,Konsep yg bagus utk dinikmati oleh masyarakat,1
268,"Untuk masuk bayar 15 ribu rupiah per orang, waktu itu saya kesana dibatasin waktunya 15 menit per lantai, yang di kunjungi hanya 2 lantai, lantai yang terdapat lantai kacanya sama lantai yang terbuka paling atas, sayang nya diatas banyak serangganya.",-1
269,Datang pagi hari sekitar jam 6 s.d 10 pagi atau sore jam 5 ke atas lebih bisa menikmati suasana menara pandang dan semua fasilitasnya,0
270,"Parkir cukup luas,,pedagang kecil semoga diberi ruang jual, cukup menjangkau melihat kota purwokerto dari atas.",0
271,"harga lumayan, pelayanan baik, ruangan nyaman, sayangnya tidak ada tmpt ibadah (mushola) untuk sholat",0
272,Tiket masuk nya kemahalan hanya utk naik ke atas. Harusnya hrga utk anak2 di bedakan dgn dewasa.,-1
273,Cukup menyenangkan mengunjungi bersama anak-anak,1
274,Belum 100 % selesai bangunannya. Semoga segera terselesaikan...,1
275,"Tempatnya bagus, bisa liat indahnya pemandangan kota purwokerto dr ketinggian menara teratai",1
276,"pertama naik ngeri, lama-lama asyik",1
277,Mudah2an semakin lama semakin rindang biar engga panazzz &amp; lebih nyaman,1
278,masih baru jdi masih kurang menarik..,-1
279,View ini diambil dari kampung dahar Rita supermall Purwokerto,0
280,Menara ikonik kota purwokerto. Letak strategis. Parkir memadai. Fasilitas memadai. Dekat food court madhang maning park,0
281,"Lumayan bagus, bisa liat Purwokerto dari atas, masih tahap pembangunan,,,",1
282,Salah satu tempat favorit dipurwokerto sekarang â¤,1
283,"Sudah mulai ramai pengunjung, saat kesana menara sedang dalam perbaikan, dan akan dibuka kembali tgl 1 Juni. Sebenarnya tidak ada yang spesial dari tempat ini, hanya mungkin karena ada menara pandang yang baru pernah ada di kabupaten Banyumas sehingga menarik minat pengunjung serta jalan yang menembus daerah Tanjung (jalan Gerilya)",0
284,Selanjutnya mgkn bisa ditambah fasilitas publik playground anak. Ada toilet diparkiran,0
285,Ikon baru di purwokerto...masih kurang tanaman hijau.....,0
286,"Tempat ngintip pemandangan pwt yg keren, ada sudut baca dan sudut ngopi2 nya",1
287,"Bagus tempat ya sayang gada tempat permainan anak""",0
288,Wisata Anyar Kota Satria yg membanggakan,1
289,"Tempat menarik, akses masuk sangat mudah",1
290,Pemandangan yang bagus untuk spot fotoÂ² dan melihat pemandangan kota banyumas/purwokerto,1
291,"Daya tarik masyarakat berkunjung, diperlukan pemantauan intensif pengelola supaya banyak memberi manfaat.",1
292,"Belum jadi aja udah bagus, apalagi kalau udah jadi semua. Ikon baru kota Purwokerto",1
293,"Wisata edukasi yang recommend buat anak2 sekolah,",1
294,"Ikon baru kota Purwokerto bersama Jalan Soekarno , jembatan lengkung, Madhang Maning Park. Pemandangan bagus dari atas saat siang hari. Untuk malam hari bisa melihat menara pandang berikut lampu hiasnya.",0
295,Cukup untuk hiburan mata Cocoknya malam,0
296,"ikon purwokerto yg lagi viral. cukup bagus, hanya karena mungkin bertahap, tamannya blm selesai. semoga ketika kelar kelak lebih ciamik. WC bersih, petugas selalu bersih2 ini. parkir ada tapi diluar tempat parkir. kalau parkir didalam tempat ndak ditarik. semoga semakin baik mantap..",0
297,"Kalau sudah mulai dibuka, pemkab juga harusnya sudah mengelola ketertiban parkir Jangan karena sedang proses pembangunan, masuk parkir, eh pas keluar ada oknum lagi yang minta parkir Hati hati, ini yang biasanya jadi boomerang Hanya karna masalah kecil, nanti tercoreng jadi tidak kerasan oleh pengunjung. Terus, kalau belum ada pengamanan disitu, mohon pihak kepolisian bersama warga yang antusias lagi, karna tempat yang remang2, jadi ajang maksiat oleh muda mudi ketika malam. Trimakasih Untuk tempat, nyaman. Harusnya ini tempat kalau sudah jadi, bisa jadi salah satu landmark kota purwakerta tercinta ini Suwun.",-1
298,Icon baru Purwokerto yang menarik. Dari sini kita bisa melihat pemandangan kota Purwokerto sekitar,0
299,Jangan lupa downloud aplikasi Dolan banyumas untuk memudahkan mendapatksn tiket masuk.,0
300,Keren dan layak dinanti kehadirannya sebagai ikon Kota Baru Purwokerto.,1
301,"View yg bagus, dari atas menara dapat melihat indahnya kota purwokerto",1
302,Fasilitas publik dan lokasi wisata keluarga baru di Purwokerto. Karna masih baru dibuka masih banyak pembenahan dan pembangunan sarana penunjang yang sedang dilakukan oleh pemerintah.,1
303,"Bagus sih sebagai landmark kota Purwokerto, masih belum 100% siap karena antrinya lumayan panjang buat naik ke atas menara, diatas jg viewnya kurang bagus karena sekelilingnya memakai pagar besi streamin jdi pandangan kurang jelas keluar, hanya diberikan sedikit yg tanpa pagar",-1
304,Sayang banget ga bisa naik ke bagian paling atas menara ya... mbaknya dtanya juga jawabnnya kurang memuaskan kenapa lantai paling atas ga boleh dikunjungi. Kurang puas,-1
305,"Lokasi luar masih panas sekali, mungkin masih dalam proses penghijauan. Lebih bagus jika di dalam menara diberi fasilitas tambahan lain seperti museum mini atau wahana lainnya.",-1
306,Lumayan bagus cm ga ada t4 duduk buat nyantai sekedar Mkanan susah nyarinya ada jga pedagang kaki lima yg blm terkoordinasi t4nya...,-1
307,"Alternatif taman hiburan baru di kota purwokerto, utk naik bayar 25 rb, disarankan berkunjung malam, akan lebih indah dengan lampunya yg warna warni, dan jg lebih adem",0
308,"Lokasi wisata purwokerto baru yang unik dan lumayan untuk anak anak, mirip seperti alun alun , namun ada artificial gedung yang belum beroperasi untuk gedung dengan lampu yang cukup menarik untuk tujuan wisata murah dipurwokerto",0
309,Posisi menara sangatlah bagus dan strategis sekali Mungkin nantinya di sekitaran menara ada wahana lainnya Yang menjadikan jln soekarno hatta menjadi lebih indah dan tempat berkumpulnya orang-orang,1
310,"Area yang cukup menarik &amp; semoga tidak hanya bersih, tetapi sebagai kawasan taman kota tetap bisa dipertahankan oleh Pemda Kab. Banyumas, meski berganti pimpinan daerahnya.  Salut utk Pemkab Banyumas",1
311,"Tempat wisata di tengah-tengah kota purwokerto, Tempat parkir yang luas.",1
312,"Menara Pandang Teratai keren bgt, viewnya luas, tempat nyaman, syangnya cuma 1 kalo pesen tiket harus online / via aplikasi. kasihan bagi lansia yang mau kesitu tp g paham aplikasi. tp it's ok si",0
313,"Menurutku sih terlalu dipaksakan untuk buka, karena terlihat masih seperti setengah jadi (bukan menaranya tapi sekitaran menara). Lingkungan sekitarnya belum berfungsi sebagaimana mestinya. Disebelah timur menara terdapat genangan air yg kurang sedap dipandang. Belum banyak tersedia pula bak-bak sampah disana, karena masih banyak orang yg kurang rasa kebersihan jadi cukup banyak sampah.",-1
314,"Ini mungkin bagus utk meningkat kan pariwisata pwt, tp tolong lebih dikontrol lagi utk pengawasan, pembeliantiket, kasih nomer antrian, kasih penjaga/satpam, kasihan anak"" kecil nangis dan terjepit.. ğŸ˜”ğŸ˜",-1
315,"Tempatnya Bersih, Nyaman, Adem, Pelayanannya Ramah dan Baik.",1
316,"Bagus, lokasi menarik hanya saja untuk kuliner ga trrpusat disini",0
317,"Tempat masih baru dan terus dalam pengembangan pembangunan, baik bangunan pendukung dan fasilitas umum. Tempat parkir luas. Berkunjung tepat di sore dan malam hari,",0
318,"Siang hari panas, pemda banyumas segera tambah pohon peneduh",0
319,Gemeteran tapi pemandangannya bagusğŸ˜,1
320,Msh bnyk pembenahan taman sekitar menara. Parkir luas.,1
321,Untuk naik berbayar 20k,1
322,"Sudah dibangun dengan dana besar, semoga bermanfaat bagi masyarakat, khususnya wong banyumas dan sekitarnya, mari dijaga  bersama sama. Perbanyak tempat sampah di kawasan ini, dan papan peringatan tentang pentingnya kebersihan, agar pengunjung lebih patuh dan dapat menjaga kebersihan area menara. Better banyumas",1
323,"daftar pake aplikasi Dolan Banyumas susah, aplikasinya intrusif minta banyak banget data yang sensitif. untungnya sekarang sudah bisa beli on the spot secara cashless. kawasannya masih perlu dikembangkan lagi agar semakin rame tapi tetep tertib dan bersih.",-1
324,"Tak salah jika kota-kota kecil di seluruh daerah Indonesia juga memiliki menara pandang yang bisa dijadikan kebanggaan sekaligus objek wisata bagi masyarakat.  Nah masyarakat Purwokerto sepertinya harus mensyukuri hal ini. Karena menjelang lebaran Idul Fitri 1443H /2022 ini, Menara Pandang Jl. Sukarno Hata Purwokerto telah diresmikan.  Menara setinggi 124 meter tersebut diharapkan menjadi seperti Monasnya Purwokerto. Bisa menjadi ikon pariwisata baru Kota Purwokerto.  Pemandangan yang ditawarkan dari atas Menara Pandang sangat indah. Mulai dari beberapa landmark dan benchmark Kota Purwokerto, hamparan pemandangan pesawahan hijau, serta penampakan Gunung Slamet yang gagah dan mempesona.",1
325,"Tempat yang recommended untuk sekedar melepas penat dari rutinitas harian, Sayang hanya menyajikan pemandangan kota dr ketinggian Kalau ditambah edukasi tentang sejarah banyumas mungkin bisa menambah ilmu anak anak",0
326,Bagus sih kalo mlm hari. Pemasukan aja kalo tempat parkir mobilnya di kasih garisÂ² sama kang parkir biar teratur. Sama kang kopi ga ada...,0
327,masih dalam tahap penyelesaian,0
328,View nya sangat bagus apalagi saat sore dan malam hari,1
329,Cuma gitu2 doang disuruh naik litf dimall banyak kali nga harus bayar lagi ini harus bayar lagi 20k mikir dong yang nga punya duit rakyat miskin ini diperas mulu duitnya,-1
330,"Ramai,mau ikut naik ke menaranya antri",1
331,Parkiran luas tp masih puanas bgt. Ga ada teduh teduh nya. HTM lumayan mahal untuk ukuran di daerah,-1
332,Tempatnya bagus tapi sayang waktu kesana pas masih ada renovasi jadi belum buka dan gabisa naik keatas,0
333,"Maksimal berkunjung di top menara 15 menit, harga tiket 20rb hari biasa weekend 25 rb",0
334,Pas kesana masih tutup ya udah foto depan pintu masuk aja wkwkwk,0
335,"Pelayanan bagus, lebih bagus pas malam hari karena pemandangan kota lebih indah dilihat dari atas menara. Enjoy banget lah.",1
336,Awal dari pembangunan wisata di tengah kota Purwokerto,0
337,"Keren banget nih, tinggal dilengkapi saja fasilitas di sekitar mungkin jgbs ditambahkan wahana bermain anak.",1
338,"Buat yang mau menikmati kota purwokerto dari ketinggian bisa datang ke sini, banyak jajanan dan makanan juga, parkir luas",1
339,Sementara masih kurang fasilitas. Jadi baru berkunjung sekali sudah merasa cukup sekali dulu..,-1
340,"Enak buat tongkrongan, kalo malem mending jalanya banyak di kasih lampu deeh biar ngga buat pacaran ğŸ™„",0
341,"Cukup bagus,,, Tapi sayang Untuk anak2 tidak boleh naik k.menara (puNcak.Nya )",0
342,"HTM Senin-Jumat 20k, weekend 25k. Worth it! ğŸ‘",1
343,Bagus...,1
344,Gardu pandang yg bisa melihat pemandangan kota purwokerto dari ketinggian,0
345,"Kalo cuaca lg mendukung, spot terbaik buat lihat kota purwokerto dan sekitar",0
346,Parkiran luas bagus cuma sayang blm ada warung hehe,0
347,Bagus Guyss.. Apalagi kalau kesana malam hari Masya Allah indah banget view nya,1
348,Healing malam minggu sm anakÂ² dan istri lihat pemandangan malam... Uapikkkk tenan,1
349,"Keren banget, tp sayangnya gk bs smpe lantai outdoornya tp mohon ditingkatkan lg fasilitasnya",0
350,Belum begitu menarik...lift panas ..minim wahana...yg jualan mahal KY di kota gede..,-1
351,Menaranya tinggi banget lokasi luas masih dalam tahap pembangunan,0
352,Enak utk bersantai klo malem cerah. Tiket 25k per person,1
353,"klo pagi segeer bgt, bs olga jogging disekitar area menara teratai",1
354,"Menarik, tapi masih dalam tahap pembangunan sehingga sarana hiburan disekitarnya blm maksimal",0
355,"Tempatnya bersih luas, ada coffeeshop yang cakep buat foto2, instagramable banget",1
356,Bagus + keren cuma tiketnya radaÂ² larang,0
357,Tambahan icon dan menjadi destinasi wisata baru bagi warga purwokerto khususnya...keren.,1
358,"Untuk tempatnya lumayan bagus , namun dr aplikasi untuk pemesanan tiket masih beta banyak banget bug , mulai dr sering keluar sendiri loading lama serta untuk pembayaran masih harus scan barcode jadi lama , kalo langsung virtual account harusnya lebih cepat dan optimal.",-1
359,"Bagus, sepertinya masih proses pengembangan,",0
360,"Tidak tersedia tempat ibadah, parkir mahal, tiket naik ke menara mahal..",-1
361,"Pas berkunjung sedang proses pengembangan lahan,,,,kurang ada musola",-1
362,"Bersih, hemat dan memuaskan",1
363,"Tempatnya nyaman, bersih, dan asyik.. apalagi restonya.. wow bgt lah..",1
364,Coffee shop dgn view yang keren dan harga terjangkau. Tempat yang nyaman dan tenang.,1
365,TIDAK ADA MUSHOLA + ALAT SHOLAT!!!!!!!  SANGAT KECEWA PADAHAL PENGUNJUNG BANYAK DAN BERADA DI KOTA PURWOKERTO BISA-BISANYA TIDAK DISEDIAKAN TEMPAT UNTUK BERIBADAH BAGI MUSLIMAH !!!!  SANGAT BURUK ! MINIM FASILITAS !!!,-1
366,Tempat menarik untuk wisata keluarga...view kota Purwokerto indah di malam hari,1
367,"Tempatnya kurang seru, cuman buat foto foto doang kaga menarik",-1
368,"Berkunjung pada 4 Mei 2022, baru berapa hari dibuka. Pembelian ticket cashless melalui aplikasi &amp; transfer mobile banking. Terlihat Petugas pemeriksa ticket, operator lift, kebersihan. Yang kurang adalah petugas di setiap lantai yang memandu / menjaga keamanan setiap lantainya, terutama untuk ketertiban antrian jembatan kaca.",0
369,cantik banget pas malem hari..,1
370,"Menara 5 lantai di Purwokerto untuk menikmati view kota,,",1
371,"Tempatnya baru di buka, parkiran luas, pada pagi hari menara di tutup, pada malam hari rame, banyak yang nyewain skuter listrik",1
372,Pemandangan yang luar biasa.. Malam minggu banyak sekali pengunjung..,1
373,Unik dan keren. Malam2 ke sana cuma lihat dari luar. Bagus banget. Ikon Purwokerto baru.,1
374,"saya naik bukit watu meja di kebasen deket bendungan gerak serayu pun bisa lihat menara ini . yang menarik bagi saya sebagai orang awam adalah adanya lantai kaca . spesial sekali , briliant yg merancang . goodjob tapi setelah bangunan ini resmi bisakah jalan Ir. soekarno dan bangunan ini bisa terjaga dari aksi vandalisme remaja nakal yg suka corat coret tembok dan apakah jalan ini nantinya jadi lahan nongkrong atau tempat trek2an . semoga tidak",1
375,Tempat wisata yang baru ditengah kota Purwokerto Tepat Yang bagus untuk berwisata berfoto bersama keluarga. Kemarin kesana menara belum di buka masih dalam pengembangan,1
376,Bakal jd spot menarik utk melihat view kota Purwokerto dari ketinggian. Sayangnya blm segera dibuka kembali pd kesempatan berkunjung ke sana kmrn.,0
377,"Tgl  29 april 2022  tidak boleh masuk menara krn kuota tiket online habis,, tp jam 3 sampai 4 sore ga ada pengunjung yg dibolehin masuk menara, wallupun menara kosong",0
378,"Pas kesana hujan jd GX bsa fto"". Tp bagus tempatnya",1
379,tempat wisata di purwokerto yang sangat cocok untuk anak kecil bermain sepeda,1
380,"Tempat nyaman dan unik, cocok untuk wisata dan kulineran serta meeting.",1
381,"Tempat wisata milik pemda banyumas, baru dan bagus",1
382,Ikon wisata baru di kota pwt. Untuk lantai 3 kalau malam susah untuk melihat pemandangan. Kacanya terlalu gelap dan memantulkan bayangan dari dalam ruangan,0
383,Lokasi sangat strategis tetapi masih banyak yang harus dibangun dan di perbarui...,1
384,"Lumayan bagus si tpi agak kecewa karna gabisa naik menaranya,terus tukang parkirnya gamau ngatur cuma ngasi karcis aja:(",-1
385,"bagus sih,tapi sayang ya tiketnya harus booking 3 hari sebelumnya,gak papa lain kali datang lagi meski harus kecewa,jauh2 dari wonosobo eh malah gak bisa masuk",-1
386,Masih dalam tahap pembangunan.,1
387,"Parkiran mobil &amp; motor di berikan tutupan, tambahkan wahana permainan",0
388,"Suasana cukup ramai walapun masih dalm tahap pembenahan, tempat parkir luas dan aman. ğŸ‘",1
389,"Lumayan buat penasaran aj hehe Untuk parkiran berhati"" karna pintu keluar kendaraan bermotor gk ada yg jaga,sekalu ada di awal mau bayar parkir...semoga membantu",0
390,Spot yang asik untuk dinikmati dimalam hari,1
391,Saat sarana pendukungnya belum selesai 100%,0
392,Wah sangat menyenangkan berlibur bersama keluarga ditempat ini. Tempatnya luas dan nyaman. Murah meriah tapi senang.,1
393,Alangkah baiknya kalau ada MCd dan starbuck :D,0
394,"Menara oke tapi restonya ancur pesen makanan 1 jam kemudian baru nongol itu pun saya tanya2 mulu,",-1
395,Destinasi wisata baru di purwokerto ka  banyumas mantap,1
396,Asyik banget kalau mainnya sore malam hari,1
397,"Maaf, blm pernah masuk, cuma fotoÂ² didepannya doang,nanti klo sdh pernah masuk sy update postingannyağŸ™",0
398,Ramai lancar alternatif klo alunÂ² ngga kebagian parkir.,0
399,"Destinasi wisata baru di purwokerto.., dari atas menara terlihat semua wilayah purwokerto dengan jelas.., silahkan yg mau berkunjung..",0
400,"Menara Pandang Terai Purwokerto, menakjubkan??",0
401,Sangat recomended buat liburan sanak dan keluarga.,1
402,Wisata baru di purwokerto. Tempat nongkrong yg asyik... Joss pokoke..,1
403,Bagus telah manjadi icon baru Purwokerto sukses terus pemda banyumas untuk kedepannya penerangan di tingkatkan,1
404,Menara kebanggaan warg apurwokerto. Salah satu icon kota satria purwokerto,1
405,"dibawah menara kurang penerangan.. keponakan saya tiba kerungkeb karena peteng.. jd nangis ngorong"" minta pulang..",-1
406,"Pemandangannya indah, terutama di malam hari. Tempat parkirnyapun luas....",1
407,Keren sih ada tempat nongkrong anak muda Purwokerto,1
408,Tempat nyaman ditengah kota,1
409,Masih dalam kondisi setengah rampung. Mungkin nanti bakalan lebih bagus kalau sudah finish 100%,0
410,Buat yg takut ketinggian lebih baik jangan naik,0
411,tempat nongkrong baru yg asik di purwokerto,1
412,Di sini tukang parkir nya ramah gak kaya di alunÂ² kya preman,1
413,Bagusss pokoknya. Anak betahh,1
414,"Masih baru jadi tampak gersang, bangunan unik tp harga tiket masuk kemahalan",-1
415,"Dari atas menara pandang, dapat melihat kota purwokerto dari seluruh penjuru mata angin",1
416,lokasi start Jamselinas 2022,0
417,"Bagus, gemerlap lampu menambah indahnya Menara Pandang di malam hari",1
418,Tiket masuk menara pandangnya Weekday 20rb Weekend 25rb,0
419,Tempat hiburan yg murah meriah tp mengasikan,1
420,Semoga saja menjadi wahana mengenal Banyumas dan sejarahnya melalui menara ini.,1
421,"Tempat buat momong anak, anak sangat senang bila diajak ke Menara Pandang",1
422,Rencana pingin kesana. Tapi pas di cek mau download aplikasi. Dolan Banyumas untuk pembelian tiket sepettinya aplikadinya payah sulit sekali masuknya.. mustinya jk memang beli hrs melalui aplikasi di siapkan dulj dgn bener aplikasinya... komplen di.aplikasi terllau banyak. Musttinya ada alternatif lain. Selain di aolikasi tersebut.,-1
423,Bos maaf ktp sya pas nyewa skuter blm di ambil kelupaan gmn ya...,-1
424,"Menara Pandang Teratai merupakan destinasi wisata baru di kota Purwokerto. Berada di kawasan ruang terbuka hijau, masjid Seribu Bulan, Gedung Dewan dan danau yang merupakan kolam retensi pengendali banjir. View dr puncak menara sangat memanjakan mata. Keren!!!",1
425,Sedikit kecewa hujan jd tdk bisa ke lt 4 dan 5,0
426,Yang lagi rame di Purwokerto,1
427,"panas, jauh, susah cari tempat buat neduh, tp cakep kalo cerah",0
428,Bagus sekali... Bisa melihat pemandangan dari atas,1
429,Salah satu destinasi purwokerto yg bakal jadi icon di kota purwokerto,1
430,"Tempat yang masih baru di Purwokerto untuk piknik,,",1
431,sangat bagus lihat pemandanganmya kalo malam hari.cocok untuk wisata keluarga.tidak banyak keluar uang.,1
432,Bagus...monasnya purwokerto pokonya...,1
433,"Masih baru, cukup Baik untuk salah satu rencana Kunjungan Keluarga",1
434,Destinasi wisata baru di Purwokerto,0
435,Mantap bisa melihat keindahan kota purwokerto  Yt : Darnos Channel,1
436,"Waktu kesana belum jadi boss, tapi ini calon tempat untuk olahraga, kongkow, jajan, jalanÂ² paling asyiiikkk..",1
437,Nice tempatnya buat nyenengin anak,1
438,Tempat Rekreasi keluarga yang nyaman walau masih dalam tahap pembangunan ke depan semoga menjadi tempat wisata favorit masyarakat Banyumas.,1
439,Tempat bersih luas dan wisata baru purwokerto,1
440,Tempat yg bagus untuk melihat view kota Purwokerto,1
441,Sementara bintang ğŸŒŸ 4 ...karena pas di atas menara pandangan gak bisa mengambil foto maksimal,0
442,Serasa di jalan tol dengan rest area haha,0
443,Masih perlu pelengkapan fasilitas. Semoga kedepan jauh lebih indah,1
444,"Luar biasa sport foto baru yg bs melihat kota pwt dr atas,SPT Monas kl dijakarta,pwt luar biasa",1
445,pemandangan kota Purwokerto dari atas menara pandang,0
446,Kalau malem bagus,1
447,Recomended banget buat nongkrong di akhir pekan,1
448,Belum 100 % jadi,0
449,Sega cepat berkembang dan ada kemajuan terutama tempat priwisatanya ......aamiin.....,1
450,"Bagus buat wisata keluarga,n Masih perlu d percantik lg dg taman2",1
451,Tempat yang bagus buat melihat Kota Purwokerto,1
452,Tempat rekreasi yang masih tergolong baru di kota Purwokerto.,1
453,tempat wisata baru yang cukup bagus. pelayanan ramah.,1
454,"Termasuk mahal harga tiketnya, kurang merakyat bagi kalangan masyarakat sekitar Purwokerto,",-1
455,Suasana baru dikotak mendoan,1
456,Bagus...aman buat anak2 dilingkungan menara,1
457,Pemandangan yg bagus dan tempat hiburan buat keluarga,1
458,Tiketnya lumayan mahal untuk sekedar naik ke menara,-1
459,Belum sempat masuk.. ada konser.. penuh banget..,0
460,Kerennn ...rekomended u/ para wisatawan lokal dan mancanegara... Yg datang k pwt... Waaajib ke sini...,1
461,Untuk awal ini mungkin sudah lumayan bisa jadi nanti kedepannya akan lebih indah lagi,1
462,Bagus juga icon baru Purwokerto,1
463,Seneng dn ada rasa takut..waktu nyebrang d jembatan kaca,0
464,"Bagus, murah cm kena biaya parkir aja, cuma pedagangnya jualnya mahal2",0
465,Bagus banget Rekomen kalo cerah Kalo ujan deg2an ada petir hahahaa,1
466,Mantap...,1
467,"Parkiran dan objek agak jauh, kalau hujan basah kuyup",-1
468,Sangat keren n sekitar menara asyik buat nyantai mlm hari,1
469,Bagus cuma belom dibuka untuk lantai 5,1
470,Datang kemenara pandang purwokerto jgn lupa naik keatas,0
471,Bagus. Tempatnya rame. Cuman pas kesana kemaren siang hari gatau suasana malam harinya,0
472,Bagus dan bersih,1
473,"Para petugas sangat care ğŸ‘,suka deh berkunjung kesini",1
474,"Bagus t4nya, pemandangannya juga, ok deh pokoknya",1
475,Bagus bisa liat pemandangan dari ketinggian,1
476,New destinasi wisata neng purwokerto,0
477,Tempat yg nyaman dan cocok untuk bersantai bersama keluarga.(ayo dolan neng purwokerto),1
478,Wisata baru di Purwokerto  dan dapat melihat keindahan kota,0
479,hari minggu ramai sekali di pelatarannyaa,0
480,Kalian harus mencoba,1
481,Tempat'y nyaman.. Parkir luas Bisa untuk rereasi keluargağŸ‘,1
482,malem enak,1
483,Lumayan,1
484,Anak paling syukaaa klo d ajak ksini..â˜ºï¸,1
485,Tempat yang harus dikunjungi di Purwokerto,1
486,Agak sedikit overpriced sih naik keatas,-1
487,Menara dengan lampu warna warni yang sangat instagramable.,1
488,Dengan adanya menara pandang ini kita bisa melihat dari atas suasana  purwokerto dari berbagai arah terutama melihat keindahan panorama gunung slamet,1
489,Pas habis hujan jadinya penuh lumpur,0
490,Tempat rekreasi yang cukup nyaman untuk keluarga,1
491,Bagus,1
492,"Bs lihat pwkerto dr atas menara, asyik kl malam hari",1
493,Masihbnyk k3kurangan belum selesai pembangunan smoga kedepanya lbh bagus lg,-1
494,Asik bisa lihat pwt dr atas,1
495,Tingkatkan wahana,1
496,Lumayan buat sekedar ngilangin suntuk,1
497,Sangat mudah untuk di kunjungi dan rame,1
498,"Menara teratai Purwokerto ,parkiran luas asik buat  jalan"" weekend",1
499,Bagus untuk bisa melihat kota Purwokerto dari atas,1
500,Yg kepengin melihat kota pwt dari ketinggian disini cocok tempatnya,1
501,Seru banget tempat ya seru lagi lagi tempatya ga yesel datang ke situ,1
502,Buat liburan keluarga atau pacar pas,1
503,Salah satu tempat wisata dalam kota Purwokerto ğŸ‘,1
504,Masih banyak yg harus di perbaiki...masalah parkir belom terkordinir dengan baik..,-1
505,"Buat yang takut ketinggian boleh coba, siapa tahu jadi suka ğŸ˜„",0
506,Destinasi nggo pit pitan ya lumayan ngliwati kota... ğŸ˜€ ğŸ˜€,1
507,Asyik buat jalan2 memandang kota purwokerto,1
508,Bangunan dlm bentuk menara yg indah..bs jd ikon purwokerto kota satria,1
509,Tempat yg nyaman utk jjs dan jalan2 pagi,1
510,Mau tanyaa klo tiket sudah pesan dan bayar untuk hari H. Tp pas hari H hujan apakah tiket bsa diganti hari lainnya??,0
511,masih ramai masih baru tapi sudah ada beberapa yang mulai rusak kena tangan jahil,-1
512,B aja waktu di atas. Berangin banget,-1
513,Menara pandang yg selalu ramai,0
514,Tempatnya bersih... Tp gersang...,0
515,"Saya kesini sewaktu blm jadi, masih banyak lahan yang kosong baru diratakan. Ramee bgt",0
516,Kalau datang pas habis dzuhur persis itu masih sepi...,0
517,Bagus,1
518,Enak juga untuk hiburan malam,1
519,Tempatnya enak buat santai keluarga,1
520,Menara Pandang Teratai sbg destinasi wisata baru di Kab. Banyumas yg sangat indah. Menara ini bahkan lebih tinggi dari Menara Pisa yg ada di Italia,1
521,Wisata sambil menimba ilmu,1
522,Kalo berkunjung sebaiknya jangan malam hari,0
523,"Ada di dekat jalan baru. Keren banget, icon nya kota Purwokerto yang terbaru.",1
524,Icon baru Purwokerto layak dikunjungi walaupun belum selesai 100% sarana sekelilingnya,1
525,icon baru buat ngapaxer.... jiooosss,1
526,"Bagus indah, sayang panas, gersang",0
527,Senang berkunjung ke menara teratai,1
528,Tempatnya asik dan bagus,1
529,"Ikon baru Kota Purwokerto, bagus tempatnya pemandangannya jg...",1
530,Mantappp ada kemajuan buat bp.bupati,1
531,"Wajib di kunjungi, jika sedang berada di Purwokerto",1
532,Masih dalam penataan jadi masih berantakan,0
533,"Setelah menara pandang , jalan msh gelap ya, perlu di pasang lampu jalan.",-1
534,Masih perlu pembenahan dan penambahan fasilitas.,-1
535,Alhamdulillah bisa berkunjung kesini,1
536,Asik icon baru,1
537,Sangat bagus purwokerto jadi punya ikon baru lagi maju terus banyumas,1
538,Menara yang indah apalagi kalo dilihat malam hari Mantap tenan,1
539,Tempatnya enak buat santai sm keluarga,1
540,"lumayan mahal...trans Banyumas aja masih gratis,,,",-1
541,Tempat olah raga pagi yang nyaman.,1
542,Duwur,0
543,Bintang yg bicara,0
544,Baru diresmikan jadi belum asri. Tempat parkir luas,0
545,Kurang apik Bayare larang peteng dedet,-1
546,Alternatif untuk melihat purwokerto dari ketinggian selain baturaden...,1
547,Icon anyar kota purwokerto,1
548,Santai sejenak menikmati indahnya Purwokerto,1
549,"Cukup menghibur, apalagi melihat Purwokerto dari ketinggian",1
550,lampunya bikin gue inget masa-masa di milenium,1
551,"aku kerja di situ,tp blm pernah naik ke menara tersebut.ğŸ˜‚",0
552,Parkiran luas,1
553,Kalo malem bagus,1
554,Luar biasa,1
555,"Mahal, interior mengecewakan, fasilitas kurang",-1
556,Pengunjung rame.tukang parkir nga mau ngtur kendaraan,-1
557,Menurut saya ini sebuah inovasi perubahan yg bs jd sebuah icon kota purwokerto,1
558,Masih ditutup.akan dibuka kembali tgl 1juni2022. Masih dalam proses finishing.  æ¸¸ä¹åœºï¼šTambahkan taman bermain untuk anak2 usia 7-12th.,0
559,Biar bintang yang berbicara,0
560,Bisa dkirim daerah bnyumas ga yak,0
561,Bagus sayang belum 100% selesai,0
562,Masih dalam proses pembangunan sepertinya,0
563,Masih perlu banyak pembenahan,-1
564,"Cocok buat rekreasi keluarga, parkiran luas",0
565,Bagus sangat menarik perhatian,0
566,"Tempat ğŸ‘, fasilitas belum lengkap",-1
567,Icon baru kota purwokerto,0
568,Cocok buat nongkrong di malam hari di temani live musik,1
569,Wow ngeriii ada lantai kaca....g brani nyebrang,0
570,"Bakalan memjadi Destinasi top di Purwokerto. Bisa memandang dari ketinggian kota Purwokerto dan sekitarnya, juga gunung Slamet.",1
571,Teras kacanya kecil sekali,-1
572,Ikon baru Kita Purwokerto..wisata kota yang diminati warga..,1
573,Masjid 1000 bulan mana???? Pengunjung mau shalat malah bingung,-1
574,Lapangan parkirna belum bagus,-1
575,Suasana malamnya mantap ğŸ‘,1
576,Apik. Monasnya Purwokerto. Jadi wajib dikunjungi.,1
577,Bagus kereeen. Sejuk,1
578,Ok bgt,1
579,Bgs kalau malam,1
580,Lumayan mahal untuk wisata kota,-1
581,Gratis masuk untuk yang lantai 1,1
582,Tiket masuk mahal,-1
583,keren abis untuk melepaskan segala penat malam hari sehabis kerja seharian,1
584,Bagus. Masih tahab renovasi finising,1
585,Bagus....,1
586,Icon baru di kota Purwokerto,1
587,Semoga kedepannya di tata kelola dgn semakin baik...ğŸ˜ğŸ˜ğŸ˜,1
588,Bersih Pemandangan kota,1
589,Cakep,1
590,Tempat asyik cari pengalaman di ketinggian,1
591,Bagus aman nyaman,1
592,Bagus,1
593,Menara pandang pertama di purwokerto,1
594,Keren bgt,1
595,Bagus untuk rekreasi keluarga,1
596,"Tempatnya strategis, luas, Joss lahh.",1
597,Melihat view purwokerto dari ketinggian...,1
598,Area Rekreasi Terbaru Di Purwokerto,1
599,Masih belum layak jadi tempat wisata,-1
600,Tempatnya luas parkiran aman,1
601,Malm minggu ramai,0
602,Indah dan mengagumkan para pengunjung,1
603,Bagus... Tapi masih dikerjakan beberapa bagian...,0
604,Tempat luas Ann nyaman untuk santai dan healing di purwokerto,1
605,Keren menara pandang luas jga,1
606,Instagramable ğŸ’…ğŸ¿,1
607,Menyenangkan,1
608,Pembangunannya blm tuntas,0
609,Bagus apalagi dilihat dimalam hari,1
610,Parkirannya luas,1
611,Viewnya bagus,1
612,Bagus tenpatnya,1
613,Dilihat dari Perum Tanjung Elok Purwokerto,0
614,Belum jadi.. masih dibangun.. hanya melihat dari jauh...,0
615,"Bagus, walau masih belum sempurna",0
616,Murah dan menarik,1
617,Kerennnn polllll,1
618,Megah..,1
619,"Tempatnya bagus,ikon baru kota Purwokerto",1
620,Menara pertama di Purwokerto menambah keindahan kota....ğŸ‘ğŸ‘,1
621,Tempat wisata sederhana...,0
622,Selalu banyak pengunjung,0
623,Salah satu spot/ikon kota Purwokerto yang harus dikunjungi,1
624,tempat sangat bagus,1
625,Belum ada Tempat Ibadah,-1
626,Kelengkapan belum sempurna krna masih baru...,0
627,Ide yang cemerlang... Butuh nyali yang tinggi untuk naik ke atas,0
628,Baguss banget,1
629,Untuk parkiran sudah tertib,1
630,Rame pool...mungkn masih baru,0
631,Panas kepanasen ujan kehujanan,-1
632,BÃ¥ngunan belum sempurna,-1
633,Naiknya bayar mahal lohhh,-1
634,"Kerenn,walaupun berharap untuk lebih tinggi lagi hehe",-1
635,Menara 4 lantai Ada area seberang dari kaca di lantai 3,0
636,Bisa liat purwokerto dr atas. Indah bgtttt,1
637,"Tempat rekreasi untuk anak""",1
638,Cm liat dr jln bung karno,1
639,Salah satu tempat wisata baru,1
640,Saat ini masih panas...,-1
641,Cocok buat healing tipis2. Instagrammable,1
642,Sangat bangus,1
643,Kurang pepohonan untuk berteduh,-1
644,Destinasi wisata baru kota Purwokerto....,1
645,Malam lebih cantik...warna warni,1
646,Lumayan.. ada potensi untuk dikembangkan,1
647,Cocok buat refreshing keluarga,1
648,Tempat rekreasi keluarga,1
649,Pemandangan malam hari sangat keren,1
650,bagus klo sedang terang,1
651,Bagus,1
652,pemandangan bagus,1
653,Ikon baru kota SATRIA ğŸ‘ğŸ‘ğŸ‘,1
654,Bagus dan indah,1
655,"Luar biasa, melihat purwokerto dari atas",1
656,Tempat nya bagus,1
657,Bisa untuk refreshing jalan jalan,1
658,Next visit kita kepuncak menara ya kaka,0
659,Salah satu ikon di Kab Banyumas,0
660,Bagus. Apalagi di malam hari,1
661,Ok lah,0
662,Keren.. Wisata baru di Purwokerto,1
663,Menara Pandang Teratai + Bulan Purnama,0
664,Tapi kebaos ko sekarang sementara di Tutup,-1
665,kaya di monas rasanya,1
666,Tempat rekreasi baru di jalan baru ğŸ‘,1
667,Menarik,1
668,Tempat yang menyenangkan,1
669,Bagus bngett,1
670,Asyik buat gowes...,1
671,Mantab.....luarbiasa,1
672,Keren pekerjaannya membutuhkan skil dan keberanian,1
673,"Baik,",1
674,Wis tau,0
675,View Purwokerto kota dimalam hari Beautifull City,0
676,Icon baru kota purwokerto yg indah,1
677,Bagus indah,1
678,Uh ramainya pengunjug di menara teratai,0
679,Layanan bagus dan ramah,1
680,Sangat membantu,0
681,Luas,1
682,Menara pandang tertai Purwokerto sangat bagus sekali,1
683,Bagus,1
684,Asikkkk,1
685,Bagus untuk spot selfi,1
686,Bagus view nya,1
687,Mantap,1
688,Menambah ikon baru d pwt,1
689,Masih belum sempurna,0
690,Mantul,1
691,Parkirnya Luas ğŸ‘ğŸ‘,1
692,Bagus,1
693,Bagus,1
694,Keren,1
695,Mantapp..,1
696,"Belum jadi, mudah2an bagus",1
697,Tempat wisata baru di purwokerto,0
698,Keren,1
699,Mantap,1
700,Bagus...,1
701,Megah..,1
702,destinasi baru yg wow,1
703,Landmark kebanggaan kota purwokerto,1
704,Lagi disini Alhamdulillah dapet proyeknya,0
705,Indah,1
706,Ikon banyumas,1
707,Bagus sekali,1
708,Tempat olahraga pagi.,1
709,Bagus,1
710,Parkiran luas,1
711,rame,1
712,Apik,1
713,terlihat indah di malam hari,1
714,Bagus,1
715,"Blm coba, tapi kayaknya asik",0
716,Bagus,1
717,Keren,1
718,Terbaik di banyumas,1
719,Bisa memandang kota Purwokerto dari ketinggian.,1
720,Bagus,1
721,Bagus,1
722,Ikon baru di purwokerto,1
723,Perlu di benahi lagi...,-1
724,Kerennn,1
725,cuma lewat,0
726,Mantap,1
727,Bagus banget,1
728,panas adem,0
729,nyaman,1
730,Semua makanan lengkap,1
731,Siip,1
732,?Menara megah di kota purwokerto,1
733,Ssyik....,1
734,Ikon kota purwokerto,0
735,Parkir luas,1
736,Enak,1
737,Baguss,1
738,Indah,1
739,Mantap jiwa,1
740,Mantap,1
741,Kereen,1
742,Melihat Purwokerto dari atas,1
743,Joss markotos,1
744,Waoww... Indahhhh....,1
745,Apik nggone,1
746,Destinasi Wisata Baru di Purwokerto,0
747,Z,0
748,Terlihat cantik,1
749,Ikon baru kota purwokerto,0
750,Menara tertinggi se purwokerto,0
751,Bagus,1
752,Monas versi Lite.,0
753,Mantul,1
754,Icon Terbaru Purwokerto,0
755,santai,1
756,Layak dipandang,1
757,Mewarnai malam kota purwokerto,1
758,Keren,1
759,Bagusss,1
760,Ikon baru Purwokerto...,0
761,Sangat unik,1
762,Keren......,1
763,Icon baru di Purwokerto,0
764,Tujuan destinasi kapan2,1
765,Menjdi icon purwokertk,1
766,Mantull,1
767,Sejauh mata memandang,0
768,Cantik,1
769,Mantap ikon purwokerto,1
770,Spot Terbaik,1
771,Mantep,1
772,Bagus,1
773,Icon Purwokerto. 100meter lebih,1
774,Bangga dados tiang purwokerto,1
775,Mantap,1
776,Bagus,1
777,Mantap,1
778,Monasnya Kota Purwokerto,1
779,Perlu penataan lebih lanjut,-1
780,Bagus,1
781,Mantull views nya,1
782,Bagus,1
783,Indah,1
784,Menyenangkan...,1
785,Anjay mabar,0
786,Ikon baru Purwokerto,0
787,Menakjubkan,1
788,Visit Banyumas,1
789,Kereeennn...,1
790,Banyumas maen,1
791,Wonderfull Indonesia,1
792,Menara Pandang Teratai Banyumas,1
793,Keren... ğŸ˜ŠğŸ˜ŠğŸ˜Š,1
794,Wisata santuy,1
795,Saya baru pertama kali datang kesini tapi melihat konsepnya yg bisa melihat kota Purwokerto dari atas ditambah sebelah utara ada gunung slamet menjadi tambah menarik ğŸ’ªğŸ’ª,1
796,"Sabtu, 17 Desember 2022 Weekdays = 20000 Weekend = 25000 Anak2 diatas 10 tahun discount 50% Anak2 dibawah 10 tahun free.",0
797,Tempat bagus nyaman banyak jajanan murah enak,1
798,Tempat yang bagus untuk santai saat malam cerah.,1
799,"Rasa enak,harga terjangkau",1
800,Enak buat tempat olah raga jalan sehat sambil lihat pemandangan yang aduhaiiii...,1
801,"Menara pandang teratai akan menjadi icon kota Purwokerto kedepannya yang masih dalam tahap pembangunan dan penataan disekitar areanya, menara yang mampu melihat sekitar kota Purwokerto dari atas pada pagi dan lebih estetika ketika malam hari dilengkapi lampu lampu warna warni menambah daya tarik tersendiri bagi kota Purwokerto ini.",1
802,"Lumayan ,kena nggo momong bocah",1